municipality,street,cross_street,year,crash_count,pedestrian_flag,cyclist_flag,latitude,longitude,intersection_crash,crash_severity,road_a,road_b,review_reasons
VANCOUVER,HWY 99,UNKNOWN,2018.0,1.0,no,no,49.309663,-123.143749,yes,CASUALTY CRASH,HWY 99,UNKNOWN,unresolved_street_name
VANCOUVER,W 12TH AVE,UNKNOWN,2018.0,1.0,no,no,49.261383,-123.167176,yes,CASUALTY CRASH,UNKNOWN,W 12TH AVE,unresolved_street_name
VANCOUVER,GRANVILLE ST ONRAMP,UNKNOWN,2018.0,1.0,no,no,49.202322,-123.134613,yes,CASUALTY CRASH,GRANVILLE ST ONRAMP,UNKNOWN,unresolved_street_name
VANCOUVER,SW MARINE DR,UNKNOWN,2018.0,1.0,no,no,49.227103,-123.170968,yes,CASUALTY CRASH,SW MARINE DR,UNKNOWN,unresolved_street_name
VANCOUVER,SW MARINE DR,OAK ST OFFRAMP,2018.0,1.0,no,no,49.205475,-123.128323,yes,CASUALTY CRASH,OAK ST OFFRAMP,SW MARINE DR,dispersed_intersection_locations
VANCOUVER,SW MARINE DR,OAK ST OFFRAMP,2018.0,1.0,no,no,49.205475,-123.128323,yes,CASUALTY CRASH,OAK ST OFFRAMP,SW MARINE DR,dispersed_intersection_locations
VANCOUVER,STANLEY PARK CAUSEWAY,UNKNOWN,2018.0,1.0,no,no,49.309663,-123.143749,yes,CASUALTY CRASH,STANLEY PARK CAUSEWAY,UNKNOWN,unresolved_street_name
VANCOUVER,ANDERSON ST,GRANVILLE ST BRIDGE,2018.0,1.0,no,no,49.26819,-123.138372,yes,CASUALTY CRASH,ANDERSON ST,GRANVILLE ST BRIDGE,dispersed_intersection_locations
VANCOUVER,STANLEY PARK CAUSEWAY,UNKNOWN,2018.0,1.0,no,no,49.309663,-123.143749,yes,CASUALTY CRASH,STANLEY PARK CAUSEWAY,UNKNOWN,unresolved_street_name
VANCOUVER,SW MARINE DR,GRANVILLE ST OFFRAMP,2018.0,1.0,no,no,49.20457,-123.138758,yes,CASUALTY CRASH,GRANVILLE ST OFFRAMP,SW MARINE DR,dispersed_intersection_locations
VANCOUVER,ARTHUR LAING BRIDGE,GRANVILLE ST ONRAMP,2018.0,1.0,no,no,49.199856,-123.135665,yes,CASUALTY CRASH,ARTHUR LAING BRIDGE,GRANVILLE ST ONRAMP,dispersed_intersection_locations
VANCOUVER,SW MARINE DR,GRANVILLE ST OFFRAMP,2018.0,1.0,no,no,49.20457,-123.138758,yes,CASUALTY CRASH,GRANVILLE ST OFFRAMP,SW MARINE DR,dispersed_intersection_locations
VANCOUVER,SW MARINE DR,UNKNOWN,2018.0,1.0,no,no,49.227103,-123.170968,yes,CASUALTY CRASH,SW MARINE DR,UNKNOWN,unresolved_street_name
VANCOUVER,W 41ST AVE,UNKNOWN,2018.0,1.0,no,no,49.234777,-123.19622,yes,CASUALTY CRASH,UNKNOWN,W 41ST AVE,unresolved_street_name
VANCOUVER,KINGSWAY,UNKNOWN,2018.0,1.0,no,no,49.257559,-123.092578,yes,CASUALTY CRASH,KINGSWAY,UNKNOWN,unresolved_street_name
VANCOUVER,ARTHUR LAING BRIDGE,GRANVILLE ST OFFRAMP,2018.0,1.0,no,no,49.199694,-123.135608,yes,CASUALTY CRASH,ARTHUR LAING BRIDGE,GRANVILLE ST OFFRAMP,dispersed_intersection_locations
VANCOUVER,SW MARINE DR ONRAMP,ARTHUR LAING BRIDGE,2018.0,1.0,no,no,49.199856,-123.135665,yes,CASUALTY CRASH,ARTHUR LAING BRIDGE,SW MARINE DR ONRAMP,dispersed_intersection_locations
VANCOUVER,HWY 1,UNKNOWN,2018.0,1.0,no,no,49.281228,-123.031485,yes,CASUALTY CRASH,HWY 1,UNKNOWN,unresolved_street_name
VANCOUVER,E HASTINGS ST,UNKNOWN,2018.0,1.0,no,no,49.28117,-123.031463,yes,CASUALTY CRASH,E HASTINGS ST,UNKNOWN,unresolved_street_name
VANCOUVER,PACIFIC BLVD,CAMBIE ST,2018.0,1.0,no,no,49.274554,-123.119271,yes,CASUALTY CRASH,CAMBIE ST,PACIFIC BLVD,dispersed_intersection_locations
VANCOUVER,VICTORIA DR,UNKNOWN,2018.0,1.0,no,no,49.220784,-123.065869,yes,CASUALTY CRASH,UNKNOWN,VICTORIA DR,unresolved_street_name
VANCOUVER,BRIDGEWAY ST,CASSIAR CONNECTR,2018.0,1.0,no,no,49.287032,-123.031028,yes,CASUALTY CRASH,BRIDGEWAY ST,CASSIAR CONNECTR,dispersed_intersection_locations
VANCOUVER,W 4TH AVE,UNKNOWN,2018.0,1.0,no,no,49.268857,-123.205855,yes,CASUALTY CRASH,UNKNOWN,W 4TH AVE,unresolved_street_name
VANCOUVER,W 2ND AVE,UNKNOWN,2018.0,1.0,no,no,49.266629,-123.114844,yes,CASUALTY CRASH,UNKNOWN,W 2ND AVE,unresolved_street_name
VANCOUVER,BOUNDARY RD,UNKNOWN,2018.0,1.0,no,no,49.224638,-123.023484,yes,CASUALTY CRASH,BOUNDARY RD,UNKNOWN,unresolved_street_name
VANCOUVER,CAMBIE ST,PACIFIC BLVD,2018.0,1.0,no,no,49.274554,-123.119271,yes,CASUALTY CRASH,CAMBIE ST,PACIFIC BLVD,dispersed_intersection_locations
VANCOUVER,E HASTINGS ST,UNKNOWN,2018.0,1.0,no,no,49.28117,-123.031463,yes,CASUALTY CRASH,E HASTINGS ST,UNKNOWN,unresolved_street_name
VANCOUVER,BRIDGEWAY ST,CASSIAR CONNECTR,2018.0,1.0,no,no,49.287032,-123.031028,yes,CASUALTY CRASH,BRIDGEWAY ST,CASSIAR CONNECTR,dispersed_intersection_locations
VANCOUVER,CAMBIE ST,PACIFIC BLVD,2018.0,1.0,no,no,49.274554,-123.119271,yes,CASUALTY CRASH,CAMBIE ST,PACIFIC BLVD,dispersed_intersection_locations
VANCOUVER,CAMBIE ST,PACIFIC BLVD,2018.0,1.0,no,no,49.274554,-123.119271,yes,CASUALTY CRASH,CAMBIE ST,PACIFIC BLVD,dispersed_intersection_locations
VANCOUVER,CASSIAR CONNECTR,BRIDGEWAY,2018.0,1.0,no,no,49.287032,-123.031028,yes,CASUALTY CRASH,BRIDGEWAY,CASSIAR CONNECTR,dispersed_intersection_locations
VANCOUVER,BRIDGEWAY,CASSIAR CONNECTR,2018.0,1.0,no,no,49.287032,-123.031028,yes,CASUALTY CRASH,BRIDGEWAY,CASSIAR CONNECTR,dispersed_intersection_locations
VANCOUVER,BEATTY ST,NELSON ST,2018.0,1.0,no,no,49.275209,-123.114561,yes,CASUALTY CRASH,BEATTY ST,NELSON ST,dispersed_intersection_locations
VANCOUVER,CAMBIE ST,UNKNOWN,2018.0,1.0,no,no,49.268134,-123.115019,yes,CASUALTY CRASH,CAMBIE ST,UNKNOWN,unresolved_street_name
VANCOUVER,SE MARINE DR,UNKNOWN,2018.0,1.0,no,no,49.207883,-123.038868,yes,CASUALTY CRASH,SE MARINE DR,UNKNOWN,unresolved_street_name
VANCOUVER,BRIDGEWAY,CASSIAR CONNECTR,2018.0,1.0,no,no,49.287032,-123.031028,yes,CASUALTY CRASH,BRIDGEWAY,CASSIAR CONNECTR,dispersed_intersection_locations
VANCOUVER,HWY 1,UNKNOWN,2018.0,1.0,no,no,49.281228,-123.031485,yes,CASUALTY CRASH,HWY 1,UNKNOWN,unresolved_street_name
VANCOUVER,PACIFIC BLVD,CAMBIE ST,2018.0,1.0,no,no,49.274554,-123.119271,yes,CASUALTY CRASH,CAMBIE ST,PACIFIC BLVD,dispersed_intersection_locations
VANCOUVER,KINGSWAY,UNKNOWN,2018.0,1.0,no,no,49.257559,-123.092578,yes,CASUALTY CRASH,KINGSWAY,UNKNOWN,unresolved_street_name
VANCOUVER,SE MARINE DR,UNKNOWN,2018.0,1.0,no,no,49.207883,-123.038868,yes,CASUALTY CRASH,SE MARINE DR,UNKNOWN,unresolved_street_name
VANCOUVER,E 49TH AVE,UNKNOWN,2018.0,1.0,no,no,49.224486,-123.030847,yes,CASUALTY CRASH,E 49TH AVE,UNKNOWN,unresolved_street_name
VANCOUVER,E HASTINGS ST,UNKNOWN,2018.0,1.0,no,no,49.28117,-123.031463,yes,CASUALTY CRASH,E HASTINGS ST,UNKNOWN,unresolved_street_name
VANCOUVER,CAMBIE ST,PACIFIC BLVD,2018.0,1.0,no,no,49.274554,-123.119271,yes,CASUALTY CRASH,CAMBIE ST,PACIFIC BLVD,dispersed_intersection_locations
VANCOUVER,CAMBIE ST,PACIFIC BLVD,2018.0,1.0,no,no,49.274554,-123.119271,yes,CASUALTY CRASH,CAMBIE ST,PACIFIC BLVD,dispersed_intersection_locations
VANCOUVER,CASSIAR CONNECTR,BRIDGEWAY,2018.0,1.0,no,no,49.287032,-123.031028,yes,CASUALTY CRASH,BRIDGEWAY,CASSIAR CONNECTR,dispersed_intersection_locations
VANCOUVER,E 49TH AVE,UNKNOWN,2018.0,1.0,no,no,49.224486,-123.030847,yes,CASUALTY CRASH,E 49TH AVE,UNKNOWN,unresolved_street_name
VANCOUVER,MARINE WAY,UNKNOWN,2018.0,1.0,no,no,49.205426,-123.023441,yes,CASUALTY CRASH,MARINE WAY,UNKNOWN,unresolved_street_name
VANCOUVER,E 29TH AVE,UNKNOWN,2018.0,1.0,no,no,49.244454,-123.024073,yes,CASUALTY CRASH,E 29TH AVE,UNKNOWN,unresolved_street_name
VANCOUVER,BOUNDARY RD,UNKNOWN,2018.0,1.0,no,no,49.224638,-123.023484,yes,CASUALTY CRASH,BOUNDARY RD,UNKNOWN,unresolved_street_name
VANCOUVER,CAMBIE ST,PACIFIC BLVD,2018.0,1.0,no,no,49.274554,-123.119271,yes,CASUALTY CRASH,CAMBIE ST,PACIFIC BLVD,dispersed_intersection_locations
VANCOUVER,CAMBIE ST,PACIFIC BLVD,2019.0,1.0,no,no,49.274554,-123.119271,yes,CASUALTY CRASH,CAMBIE ST,PACIFIC BLVD,dispersed_intersection_locations
VANCOUVER,FRASER ST,UNKNOWN,2019.0,1.0,no,no,49.257257,-123.089271,yes,CASUALTY CRASH,FRASER ST,UNKNOWN,unresolved_street_name
VANCOUVER,KINGSWAY,UNKNOWN,2019.0,1.0,no,no,49.257559,-123.092578,yes,CASUALTY CRASH,KINGSWAY,UNKNOWN,unresolved_street_name
VANCOUVER,BRIDGEWAY ST,CASSIAR CONNECTR,2019.0,1.0,no,no,49.287032,-123.031028,yes,CASUALTY CRASH,BRIDGEWAY ST,CASSIAR CONNECTR,dispersed_intersection_locations
VANCOUVER,BRIDGEWAY ST,CASSIAR CONNECTR,2019.0,1.0,no,no,49.287032,-123.031028,yes,CASUALTY CRASH,BRIDGEWAY ST,CASSIAR CONNECTR,dispersed_intersection_locations
VANCOUVER,PACIFIC BLVD,CAMBIE ST,2019.0,1.0,no,no,49.274554,-123.119271,yes,CASUALTY CRASH,CAMBIE ST,PACIFIC BLVD,dispersed_intersection_locations
VANCOUVER,PACIFIC BLVD,CAMBIE ST,2019.0,1.0,no,no,49.274554,-123.119271,yes,CASUALTY CRASH,CAMBIE ST,PACIFIC BLVD,dispersed_intersection_locations
VANCOUVER,HWY 1,UNKNOWN,2019.0,1.0,no,no,49.281228,-123.031485,yes,CASUALTY CRASH,HWY 1,UNKNOWN,unresolved_street_name
VANCOUVER,E HASTINGS ST,UNKNOWN,2019.0,1.0,no,no,49.28117,-123.031463,yes,CASUALTY CRASH,E HASTINGS ST,UNKNOWN,unresolved_street_name
VANCOUVER,PACIFIC BLVD,CAMBIE ST,2019.0,1.0,no,no,49.274554,-123.119271,yes,CASUALTY CRASH,CAMBIE ST,PACIFIC BLVD,dispersed_intersection_locations
VANCOUVER,CAMBIE ST,PACIFIC BLVD,2019.0,1.0,no,no,49.274554,-123.119271,yes,CASUALTY CRASH,CAMBIE ST,PACIFIC BLVD,dispersed_intersection_locations
VANCOUVER,CAMBIE ST,PACIFIC BLVD,2019.0,1.0,no,no,49.274554,-123.119271,yes,CASUALTY CRASH,CAMBIE ST,PACIFIC BLVD,dispersed_intersection_locations
VANCOUVER,BRIDGEWAY ST,CASSIAR CONNECTR,2019.0,1.0,no,no,49.287032,-123.031028,yes,CASUALTY CRASH,BRIDGEWAY ST,CASSIAR CONNECTR,dispersed_intersection_locations
VANCOUVER,BRIDGEWAY ST,CASSIAR CONNECTR,2019.0,1.0,no,no,49.287032,-123.031028,yes,CASUALTY CRASH,BRIDGEWAY ST,CASSIAR CONNECTR,dispersed_intersection_locations
VANCOUVER,KINGSWAY,UNKNOWN,2019.0,1.0,no,no,49.257559,-123.092578,yes,CASUALTY CRASH,KINGSWAY,UNKNOWN,unresolved_street_name
VANCOUVER,MAIN ST,UNKNOWN,2019.0,1.0,no,no,49.276783,-123.099854,yes,CASUALTY CRASH,MAIN ST,UNKNOWN,unresolved_street_name
VANCOUVER,E HASTINGS ST,UNKNOWN,2019.0,1.0,no,no,49.28117,-123.031463,yes,CASUALTY CRASH,E HASTINGS ST,UNKNOWN,unresolved_street_name
VANCOUVER,PACIFIC BLVD,CAMBIE ST,2019.0,1.0,no,no,49.274554,-123.119271,yes,CASUALTY CRASH,CAMBIE ST,PACIFIC BLVD,dispersed_intersection_locations
VANCOUVER,NELSON ST,BEATTY ST,2019.0,1.0,no,no,49.275209,-123.114561,yes,CASUALTY CRASH,BEATTY ST,NELSON ST,dispersed_intersection_locations
VANCOUVER,BRIDGEWAY ST,CASSIAR CONNECTR,2019.0,1.0,no,no,49.287032,-123.031028,yes,CASUALTY CRASH,BRIDGEWAY ST,CASSIAR CONNECTR,dispersed_intersection_locations
VANCOUVER,CAMBIE ST,PACIFIC BLVD,2019.0,1.0,no,no,49.274554,-123.119271,yes,CASUALTY CRASH,CAMBIE ST,PACIFIC BLVD,dispersed_intersection_locations
VANCOUVER,PACIFIC BLVD,CAMBIE ST,2019.0,1.0,no,no,49.274554,-123.119271,yes,CASUALTY CRASH,CAMBIE ST,PACIFIC BLVD,dispersed_intersection_locations
VANCOUVER,E 33RD AVE,UNKNOWN,2019.0,1.0,no,no,49.240531,-123.103418,yes,CASUALTY CRASH,E 33RD AVE,UNKNOWN,unresolved_street_name
VANCOUVER,CASSIAR CONNECTR,BRIDGEWAY,2019.0,1.0,no,no,49.287032,-123.031028,yes,CASUALTY CRASH,BRIDGEWAY,CASSIAR CONNECTR,dispersed_intersection_locations
VANCOUVER,E HASTINGS ST,UNKNOWN,2020.0,1.0,no,no,49.28117,-123.031463,yes,CASUALTY CRASH,E HASTINGS ST,UNKNOWN,unresolved_street_name
VANCOUVER,E HASTINGS ST,UNKNOWN,2020.0,1.0,no,no,49.28117,-123.031463,yes,CASUALTY CRASH,E HASTINGS ST,UNKNOWN,unresolved_street_name
VANCOUVER,BEATTY ST,NELSON ST,2020.0,1.0,no,no,49.275686,-123.116851,yes,CASUALTY CRASH,BEATTY ST,NELSON ST,dispersed_intersection_locations
VANCOUVER,CAMBIE ST,PACIFIC BLVD,2020.0,1.0,no,no,49.274554,-123.119271,yes,CASUALTY CRASH,CAMBIE ST,PACIFIC BLVD,dispersed_intersection_locations
VANCOUVER,CASSIAR CONNECTR,BRIDGEWAY ST,2020.0,1.0,no,no,49.287032,-123.031028,yes,CASUALTY CRASH,BRIDGEWAY ST,CASSIAR CONNECTR,dispersed_intersection_locations
VANCOUVER,BRIDGEWAY ST,CASSIAR CONNECTR,2020.0,1.0,no,no,49.287032,-123.031028,yes,CASUALTY CRASH,BRIDGEWAY ST,CASSIAR CONNECTR,dispersed_intersection_locations
VANCOUVER,CAMBIE ST,PACIFIC BLVD,2020.0,1.0,no,no,49.274554,-123.119271,yes,CASUALTY CRASH,CAMBIE ST,PACIFIC BLVD,dispersed_intersection_locations
VANCOUVER,CAMBIE ST,PACIFIC BLVD,2020.0,1.0,no,no,49.274554,-123.119271,yes,CASUALTY CRASH,CAMBIE ST,PACIFIC BLVD,dispersed_intersection_locations
VANCOUVER,CASSIAR CONNECTR,BRIDGEWAY,2020.0,1.0,no,no,49.287032,-123.031028,yes,CASUALTY CRASH,BRIDGEWAY,CASSIAR CONNECTR,dispersed_intersection_locations
VANCOUVER,E 1ST AVE,UNKNOWN,2020.0,1.0,no,no,49.269452,-123.027611,yes,CASUALTY CRASH,E 1ST AVE,UNKNOWN,unresolved_street_name
VANCOUVER,CAMBIE ST,UNKNOWN,2020.0,1.0,no,no,49.268134,-123.115019,yes,CASUALTY CRASH,CAMBIE ST,UNKNOWN,unresolved_street_name
VANCOUVER,HWY 1,UNKNOWN,2020.0,1.0,no,no,49.281088,-123.031476,yes,CASUALTY CRASH,HWY 1,UNKNOWN,unresolved_street_name
VANCOUVER,BEATTY ST,NELSON ST,2020.0,1.0,no,no,49.275686,-123.116851,yes,CASUALTY CRASH,BEATTY ST,NELSON ST,dispersed_intersection_locations
VANCOUVER,ADANAC TUNNEL,UNKNOWN,2020.0,1.0,no,no,49.281228,-123.031485,yes,CASUALTY CRASH,ADANAC TUNNEL,UNKNOWN,unresolved_street_name
VANCOUVER,HWY 1,UNKNOWN,2020.0,1.0,no,no,49.281228,-123.031485,yes,CASUALTY CRASH,HWY 1,UNKNOWN,unresolved_street_name
VANCOUVER,COMMISSIONER ST,UNKNOWN,2020.0,1.0,no,no,49.288899,-123.040609,yes,CASUALTY CRASH,COMMISSIONER ST,UNKNOWN,unresolved_street_name
VANCOUVER,MAIN ST,UNKNOWN,2020.0,1.0,no,no,49.276783,-123.099854,yes,CASUALTY CRASH,MAIN ST,UNKNOWN,unresolved_street_name
VANCOUVER,CASSIAR CONNECTR,BRIDGEWAY ST,2020.0,1.0,no,no,49.287032,-123.031028,yes,CASUALTY CRASH,BRIDGEWAY ST,CASSIAR CONNECTR,dispersed_intersection_locations
VANCOUVER,CLARK DR,UNKNOWN,2020.0,1.0,no,no,49.265963,-123.077417,yes,CASUALTY CRASH,CLARK DR,UNKNOWN,unresolved_street_name
VANCOUVER,BRIDGEWAY,CASSIAR CONNECTR,2020.0,1.0,no,no,49.287032,-123.031028,yes,CASUALTY CRASH,BRIDGEWAY,CASSIAR CONNECTR,dispersed_intersection_locations
VANCOUVER,BRIDGEWAY,CASSIAR CONNECTR,2020.0,1.0,no,no,49.287032,-123.031028,yes,CASUALTY CRASH,BRIDGEWAY,CASSIAR CONNECTR,dispersed_intersection_locations
VANCOUVER,HWY 1,UNKNOWN,2021.0,1.0,no,no,49.281088,-123.031476,yes,CASUALTY CRASH,HWY 1,UNKNOWN,unresolved_street_name
VANCOUVER,CASSIAR CONNECTR,BRIDGEWAY ST,2021.0,1.0,no,no,49.287032,-123.031028,yes,CASUALTY CRASH,BRIDGEWAY ST,CASSIAR CONNECTR,dispersed_intersection_locations
VANCOUVER,KINGSWAY,UNKNOWN,2021.0,1.0,no,no,49.256449,-123.089297,yes,CASUALTY CRASH,KINGSWAY,UNKNOWN,unresolved_street_name
VANCOUVER,SE MARINE DR,UNKNOWN,2021.0,1.0,no,no,49.207883,-123.038868,yes,CASUALTY CRASH,SE MARINE DR,UNKNOWN,unresolved_street_name
VANCOUVER,CAMBIE ST,PACIFIC BLVD,2021.0,1.0,no,no,49.274115,-123.115226,yes,CASUALTY CRASH,CAMBIE ST,PACIFIC BLVD,dispersed_intersection_locations
VANCOUVER,BRIDGEWAY ST,CASSIAR CONNECTR,2021.0,1.0,no,no,49.287032,-123.031028,yes,CASUALTY CRASH,BRIDGEWAY ST,CASSIAR CONNECTR,dispersed_intersection_locations
VANCOUVER,VICTORIA DR,UNKNOWN,2021.0,1.0,no,no,49.220178,-123.06587,yes,CASUALTY CRASH,UNKNOWN,VICTORIA DR,unresolved_street_name
VANCOUVER,KINGSWAY,UNKNOWN,2021.0,1.0,no,no,49.256449,-123.089297,yes,CASUALTY CRASH,KINGSWAY,UNKNOWN,unresolved_street_name
VANCOUVER,HWY 1,UNKNOWN,2021.0,1.0,no,no,49.281088,-123.031476,yes,CASUALTY CRASH,HWY 1,UNKNOWN,unresolved_street_name
VANCOUVER,MAIN ST,UNKNOWN,2021.0,1.0,no,no,49.276783,-123.099854,yes,CASUALTY CRASH,MAIN ST,UNKNOWN,unresolved_street_name
VANCOUVER,BEATTY ST,NELSON ST,2021.0,1.0,no,no,49.275686,-123.116851,yes,CASUALTY CRASH,BEATTY ST,NELSON ST,dispersed_intersection_locations
VANCOUVER,BOUNDARY RD,UNKNOWN,2021.0,1.0,no,no,49.224638,-123.023484,yes,CASUALTY CRASH,BOUNDARY RD,UNKNOWN,unresolved_street_name
VANCOUVER,FRASER ST,UNKNOWN,2021.0,1.0,no,no,49.257257,-123.089271,yes,CASUALTY CRASH,FRASER ST,UNKNOWN,unresolved_street_name
VANCOUVER,KINGSWAY,UNKNOWN,2021.0,1.0,no,no,49.256449,-123.089297,yes,CASUALTY CRASH,KINGSWAY,UNKNOWN,unresolved_street_name
VANCOUVER,BRIDGEWAY,CASSIAR CONNECTR,2021.0,1.0,no,no,49.287032,-123.031028,yes,CASUALTY CRASH,BRIDGEWAY,CASSIAR CONNECTR,dispersed_intersection_locations
VANCOUVER,HWY 1,UNKNOWN,2021.0,1.0,no,no,49.281088,-123.031476,yes,CASUALTY CRASH,HWY 1,UNKNOWN,unresolved_street_name
VANCOUVER,E 49TH AVE,UNKNOWN,2021.0,1.0,no,no,49.224486,-123.030847,yes,CASUALTY CRASH,E 49TH AVE,UNKNOWN,unresolved_street_name
VANCOUVER,PACIFIC BLVD,CAMBIE ST,2021.0,1.0,no,no,49.274115,-123.115226,yes,CASUALTY CRASH,CAMBIE ST,PACIFIC BLVD,dispersed_intersection_locations
VANCOUVER,NELSON ST,BEATTY ST,2021.0,1.0,no,no,49.275686,-123.116851,yes,CASUALTY CRASH,BEATTY ST,NELSON ST,dispersed_intersection_locations
VANCOUVER,NELSON ST,BEATTY ST,2021.0,1.0,no,no,49.275686,-123.116851,yes,CASUALTY CRASH,BEATTY ST,NELSON ST,dispersed_intersection_locations
VANCOUVER,CAMBIE ST,PACIFIC BLVD,2021.0,1.0,no,no,49.274115,-123.115226,yes,CASUALTY CRASH,CAMBIE ST,PACIFIC BLVD,dispersed_intersection_locations
VANCOUVER,MCGILL ST,UNKNOWN,2021.0,1.0,no,no,49.288899,-123.040609,yes,CASUALTY CRASH,MCGILL ST,UNKNOWN,unresolved_street_name
VANCOUVER,GRANDVIEW HWY,UNKNOWN,2021.0,1.0,no,no,49.257957,-123.049102,yes,CASUALTY CRASH,GRANDVIEW HWY,UNKNOWN,unresolved_street_name
VANCOUVER,PACIFIC BLVD,CAMBIE ST,2021.0,1.0,no,no,49.274115,-123.115226,yes,CASUALTY CRASH,CAMBIE ST,PACIFIC BLVD,dispersed_intersection_locations
VANCOUVER,CASSIAR CONNECTR,BRIDGEWAY ST,2021.0,1.0,no,no,49.287032,-123.031028,yes,CASUALTY CRASH,BRIDGEWAY ST,CASSIAR CONNECTR,dispersed_intersection_locations
VANCOUVER,SE MARINE DR,UNKNOWN,2021.0,1.0,no,no,49.207883,-123.038868,yes,CASUALTY CRASH,SE MARINE DR,UNKNOWN,unresolved_street_name
VANCOUVER,NELSON ST,BEATTY ST,2021.0,1.0,no,no,49.275686,-123.116851,yes,CASUALTY CRASH,BEATTY ST,NELSON ST,dispersed_intersection_locations
VANCOUVER,PACIFIC BLVD,CAMBIE ST,2022.0,1.0,no,no,49.274115,-123.115226,yes,CASUALTY CRASH,CAMBIE ST,PACIFIC BLVD,dispersed_intersection_locations
VANCOUVER,E 1ST AVE,UNKNOWN,2022.0,1.0,no,no,49.269452,-123.027611,yes,CASUALTY CRASH,E 1ST AVE,UNKNOWN,unresolved_street_name
VANCOUVER,E 1ST AVE,UNKNOWN,2022.0,1.0,no,no,49.269452,-123.027611,yes,CASUALTY CRASH,E 1ST AVE,UNKNOWN,unresolved_street_name
VANCOUVER,KINGSWAY,UNKNOWN,2022.0,1.0,no,no,49.256449,-123.089297,yes,CASUALTY CRASH,KINGSWAY,UNKNOWN,unresolved_street_name
VANCOUVER,NELSON ST,BEATTY ST,2022.0,1.0,no,no,49.275686,-123.116851,yes,CASUALTY CRASH,BEATTY ST,NELSON ST,dispersed_intersection_locations
VANCOUVER,QUEBEC ST,UNKNOWN,2022.0,1.0,no,no,49.239097,-123.103469,yes,CASUALTY CRASH,QUEBEC ST,UNKNOWN,unresolved_street_name
VANCOUVER,CAMBIE ST,UNKNOWN,2022.0,1.0,no,no,49.245462,-123.115772,yes,CASUALTY CRASH,CAMBIE ST,UNKNOWN,unresolved_street_name
VANCOUVER,BRIDGEWAY ST,CASSIAR CONNECTR,2022.0,1.0,no,no,49.287032,-123.031028,yes,CASUALTY CRASH,BRIDGEWAY ST,CASSIAR CONNECTR,dispersed_intersection_locations
VANCOUVER,E HASTINGS ST,UNKNOWN,2022.0,1.0,no,no,49.28117,-123.031463,yes,CASUALTY CRASH,E HASTINGS ST,UNKNOWN,unresolved_street_name
VANCOUVER,FRASER ST,UNKNOWN,2022.0,1.0,no,no,49.257257,-123.089271,yes,CASUALTY CRASH,FRASER ST,UNKNOWN,unresolved_street_name
VANCOUVER,CASSIAR TUNNEL,UNKNOWN,2022.0,1.0,no,no,49.281088,-123.031476,yes,CASUALTY CRASH,CASSIAR TUNNEL,UNKNOWN,unresolved_street_name
VANCOUVER,E HASTINGS ST,UNKNOWN,2022.0,1.0,no,no,49.28117,-123.031463,yes,CASUALTY CRASH,E HASTINGS ST,UNKNOWN,unresolved_street_name
VANCOUVER,BOUNDARY RD,UNKNOWN,2022.0,1.0,no,no,49.224638,-123.023484,yes,CASUALTY CRASH,BOUNDARY RD,UNKNOWN,unresolved_street_name
VANCOUVER,HWY 1,UNKNOWN,2022.0,1.0,no,no,49.281088,-123.031476,yes,CASUALTY CRASH,HWY 1,UNKNOWN,unresolved_street_name
VANCOUVER,KINGSWAY,UNKNOWN,2022.0,1.0,no,no,49.256449,-123.089297,yes,CASUALTY CRASH,KINGSWAY,UNKNOWN,unresolved_street_name
VANCOUVER,CLARK DR,UNKNOWN,2022.0,1.0,no,no,49.284071,-123.075832,yes,CASUALTY CRASH,CLARK DR,UNKNOWN,unresolved_street_name
VANCOUVER,CAMBIE ST,PACIFIC BLVD,2022.0,1.0,no,no,49.274115,-123.115226,yes,CASUALTY CRASH,CAMBIE ST,PACIFIC BLVD,dispersed_intersection_locations
VANCOUVER,BRIDGEWAY ST,CASSIAR CONNECTR,2022.0,1.0,no,no,49.28117,-123.031463,yes,CASUALTY CRASH,BRIDGEWAY ST,CASSIAR CONNECTR,dispersed_intersection_locations
VANCOUVER,GRANVILLE ST,UNKNOWN,2019.0,1.0,no,no,49.256674,-123.138812,yes,CASUALTY CRASH,GRANVILLE ST,UNKNOWN,unresolved_street_name
VANCOUVER,HWY 99,UNKNOWN,2019.0,1.0,no,no,49.309663,-123.143749,yes,CASUALTY CRASH,HWY 99,UNKNOWN,unresolved_street_name
VANCOUVER,ARTHUR LAING BRIDGE,SW MARINE DR ONRAMP,2019.0,1.0,no,no,49.202322,-123.134613,yes,CASUALTY CRASH,ARTHUR LAING BRIDGE,SW MARINE DR ONRAMP,dispersed_intersection_locations
VANCOUVER,ARTHUR LAING BRIDGE,SW MARINE DR OFFRAMP,2019.0,1.0,no,no,49.199694,-123.135608,yes,CASUALTY CRASH,ARTHUR LAING BRIDGE,SW MARINE DR OFFRAMP,dispersed_intersection_locations
VANCOUVER,SW MARINE DR,UNKNOWN,2019.0,1.0,no,no,49.227103,-123.170968,yes,CASUALTY CRASH,SW MARINE DR,UNKNOWN,unresolved_street_name
VANCOUVER,ARTHUR LAING BRIDGE,SW MARINE DR ONRAMP,2019.0,1.0,no,no,49.202322,-123.134613,yes,CASUALTY CRASH,ARTHUR LAING BRIDGE,SW MARINE DR ONRAMP,dispersed_intersection_locations
VANCOUVER,SW MARINE DR,UNKNOWN,2019.0,1.0,no,no,49.227103,-123.170968,yes,CASUALTY CRASH,SW MARINE DR,UNKNOWN,unresolved_street_name
VANCOUVER,W KING EDWARD AVE,UNKNOWN,2019.0,1.0,no,no,49.248127,-123.167857,yes,CASUALTY CRASH,UNKNOWN,W KING EDWARD AVE,unresolved_street_name
VANCOUVER,SW MARINE DR,UNKNOWN,2019.0,1.0,no,no,49.227103,-123.170968,yes,CASUALTY CRASH,SW MARINE DR,UNKNOWN,unresolved_street_name
VANCOUVER,N LAGOON DR,STANLEY PARK DR,2019.0,1.0,no,no,49.295679,-123.149703,yes,CASUALTY CRASH,N LAGOON DR,STANLEY PARK DR,dispersed_intersection_locations
VANCOUVER,GRANVILLE ST,UNKNOWN,2019.0,1.0,no,no,49.256674,-123.138812,yes,CASUALTY CRASH,GRANVILLE ST,UNKNOWN,unresolved_street_name
VANCOUVER,SW MARINE DR,UNKNOWN,2019.0,1.0,no,no,49.227103,-123.170968,yes,CASUALTY CRASH,SW MARINE DR,UNKNOWN,unresolved_street_name
VANCOUVER,OAK ST,UNKNOWN,2019.0,1.0,no,no,49.244498,-123.127659,yes,CASUALTY CRASH,OAK ST,UNKNOWN,unresolved_street_name
VANCOUVER,SW MARINE DR,UNKNOWN,2019.0,1.0,no,no,49.227103,-123.170968,yes,CASUALTY CRASH,SW MARINE DR,UNKNOWN,unresolved_street_name
VANCOUVER,SW MARINE DR,OAK ST OFFRAMP,2019.0,1.0,no,no,49.205475,-123.128323,yes,CASUALTY CRASH,OAK ST OFFRAMP,SW MARINE DR,dispersed_intersection_locations
VANCOUVER,SW MARINE DR OFFRAMP,ARTHUR LAING BRIDGE,2019.0,1.0,no,no,49.202322,-123.134613,yes,CASUALTY CRASH,ARTHUR LAING BRIDGE,SW MARINE DR OFFRAMP,dispersed_intersection_locations
VANCOUVER,OAK ST OFFRAMP,SW MARINE DR,2020.0,1.0,no,no,49.205475,-123.128323,yes,CASUALTY CRASH,OAK ST OFFRAMP,SW MARINE DR,dispersed_intersection_locations
VANCOUVER,W 41ST AVE,UNKNOWN,2020.0,1.0,no,no,49.234777,-123.19622,yes,CASUALTY CRASH,UNKNOWN,W 41ST AVE,unresolved_street_name
VANCOUVER,SW MARINE DR ONRAMP,ARTHUR LAING BRIDGE,2020.0,1.0,no,no,49.202322,-123.134613,yes,CASUALTY CRASH,ARTHUR LAING BRIDGE,SW MARINE DR ONRAMP,dispersed_intersection_locations
VANCOUVER,ARTHUR LAING BRIDGE,GRANVILLE ST OFFRAMP,2020.0,1.0,no,no,49.202322,-123.134613,yes,CASUALTY CRASH,ARTHUR LAING BRIDGE,GRANVILLE ST OFFRAMP,dispersed_intersection_locations
VANCOUVER,GRANVILLE ST,UNKNOWN,2020.0,1.0,no,no,49.256674,-123.138812,yes,CASUALTY CRASH,GRANVILLE ST,UNKNOWN,unresolved_street_name
VANCOUVER,GRANVILLE ST,UNKNOWN,2020.0,1.0,no,no,49.256674,-123.138812,yes,CASUALTY CRASH,GRANVILLE ST,UNKNOWN,unresolved_street_name
VANCOUVER,W 49TH AVE,UNKNOWN,2020.0,1.0,no,no,49.22735,-123.170846,yes,CASUALTY CRASH,UNKNOWN,W 49TH AVE,unresolved_street_name
VANCOUVER,SW MARINE DR,UNKNOWN,2021.0,1.0,no,no,49.203586,-123.13577,yes,CASUALTY CRASH,SW MARINE DR,UNKNOWN,unresolved_street_name
VANCOUVER,N LAGOON DR,STANLEY PARK DR,2021.0,1.0,no,no,49.297163,-123.136888,yes,CASUALTY CRASH,N LAGOON DR,STANLEY PARK DR,dispersed_intersection_locations
VANCOUVER,W BROADWAY,UNKNOWN,2021.0,1.0,no,no,49.263596,-123.139257,yes,CASUALTY CRASH,UNKNOWN,W BROADWAY,unresolved_street_name
VANCOUVER,ARTHUR LAING BRIDGE,GRANVILLE ST ONRAMP,2021.0,1.0,no,no,49.202322,-123.134613,yes,CASUALTY CRASH,ARTHUR LAING BRIDGE,GRANVILLE ST ONRAMP,dispersed_intersection_locations
VANCOUVER,W BROADWAY,UNKNOWN,2021.0,1.0,no,no,49.263596,-123.139257,yes,CASUALTY CRASH,UNKNOWN,W BROADWAY,unresolved_street_name
VANCOUVER,SW MARINE DR OFFRAMP,ARTHUR LAING BRIDGE,2022.0,1.0,no,no,49.202322,-123.134613,yes,CASUALTY CRASH,ARTHUR LAING BRIDGE,SW MARINE DR OFFRAMP,dispersed_intersection_locations
VANCOUVER,HWY 99,UNKNOWN,2022.0,1.0,no,no,49.309663,-123.143749,yes,CASUALTY CRASH,HWY 99,UNKNOWN,unresolved_street_name
VANCOUVER,GRANVILLE ST,UNKNOWN,2022.0,1.0,no,no,49.256674,-123.138812,yes,CASUALTY CRASH,GRANVILLE ST,UNKNOWN,unresolved_street_name
VANCOUVER,ARTHUR LAING BRIDGE,SW MARINE DR ONRAMP,2022.0,1.0,no,no,49.202322,-123.134613,yes,CASUALTY CRASH,ARTHUR LAING BRIDGE,SW MARINE DR ONRAMP,dispersed_intersection_locations
VANCOUVER,GRANVILLE ST,UNKNOWN,2022.0,1.0,no,no,49.256674,-123.138812,yes,CASUALTY CRASH,GRANVILLE ST,UNKNOWN,unresolved_street_name
VANCOUVER,GRANVILLE ST,UNKNOWN,2022.0,1.0,no,no,49.256674,-123.138812,yes,CASUALTY CRASH,GRANVILLE ST,UNKNOWN,unresolved_street_name
VANCOUVER,BOUNDARY RD,UNKNOWN,2022.0,1.0,no,no,49.224638,-123.023484,yes,CASUALTY CRASH,BOUNDARY RD,UNKNOWN,unresolved_street_name
VANCOUVER,BRIDGEWAY ST,UNKNOWN,2022.0,1.0,no,no,49.287032,-123.031028,yes,CASUALTY CRASH,BRIDGEWAY ST,UNKNOWN,unresolved_street_name
VANCOUVER,GRANVILLE ST,UNKNOWN,2022.0,1.0,no,no,49.256674,-123.138812,yes,CASUALTY CRASH,GRANVILLE ST,UNKNOWN,unresolved_street_name
VANCOUVER,ARTHUR LAING BRIDGE,SW MARINE DR OFFRAMP,2022.0,1.0,no,no,49.202322,-123.134613,yes,CASUALTY CRASH,ARTHUR LAING BRIDGE,SW MARINE DR OFFRAMP,dispersed_intersection_locations
VANCOUVER,E HASTINGS ST,UNKNOWN,2018.0,1.0,no,no,49.28117,-123.031463,yes,CASUALTY CRASH,E HASTINGS ST,UNKNOWN,unresolved_street_name
VANCOUVER,W 2ND AVE,UNKNOWN,2019.0,1.0,yes,no,49.266629,-123.114844,yes,CASUALTY CRASH,UNKNOWN,W 2ND AVE,unresolved_street_name
VANCOUVER,NELSON ST,BEATTY ST,2020.0,1.0,yes,no,49.275686,-123.116851,yes,CASUALTY CRASH,BEATTY ST,NELSON ST,dispersed_intersection_locations
VANCOUVER,BEATTY ST,NELSON ST,2021.0,1.0,yes,no,49.275686,-123.116851,yes,CASUALTY CRASH,BEATTY ST,NELSON ST,dispersed_intersection_locations
VANCOUVER,KINGSWAY,UNKNOWN,2022.0,1.0,yes,no,49.256449,-123.089297,yes,CASUALTY CRASH,KINGSWAY,UNKNOWN,unresolved_street_name
VANCOUVER,CAMBIE ST,PACIFIC BLVD,2022.0,1.0,yes,no,49.274115,-123.115226,yes,CASUALTY CRASH,CAMBIE ST,PACIFIC BLVD,dispersed_intersection_locations
VANCOUVER,SW MARINE DR,UNKNOWN,2019.0,1.0,no,no,49.227103,-123.170968,yes,PROPERTY DAMAGE ONLY,SW MARINE DR,UNKNOWN,unresolved_street_name
VANCOUVER,SW MARINE DR,UNKNOWN,2019.0,1.0,no,no,49.227103,-123.170968,yes,PROPERTY DAMAGE ONLY,SW MARINE DR,UNKNOWN,unresolved_street_name
VANCOUVER,ARTHUR LAING BRIDGE,SW MARINE DR ONRAMP,2020.0,1.0,no,no,49.202322,-123.134613,yes,PROPERTY DAMAGE ONLY,ARTHUR LAING BRIDGE,SW MARINE DR ONRAMP,dispersed_intersection_locations
VANCOUVER,SW MARINE DR,GRANVILLE ST OFFRAMP,2020.0,1.0,no,no,49.202322,-123.134613,yes,PROPERTY DAMAGE ONLY,GRANVILLE ST OFFRAMP,SW MARINE DR,dispersed_intersection_locations
VANCOUVER,W 12TH AVE,UNKNOWN,2020.0,1.0,no,no,49.261383,-123.167176,yes,PROPERTY DAMAGE ONLY,UNKNOWN,W 12TH AVE,unresolved_street_name
VANCOUVER,N LAGOON DR,STANLEY PARK DR,2020.0,1.0,no,no,49.295679,-123.149703,yes,PROPERTY DAMAGE ONLY,N LAGOON DR,STANLEY PARK DR,dispersed_intersection_locations
VANCOUVER,SW MARINE DR,UNKNOWN,2020.0,1.0,no,no,49.203586,-123.13577,yes,PROPERTY DAMAGE ONLY,SW MARINE DR,UNKNOWN,unresolved_street_name
VANCOUVER,GRANVILLE ST,UNKNOWN,2020.0,1.0,no,no,49.256674,-123.138812,yes,PROPERTY DAMAGE ONLY,GRANVILLE ST,UNKNOWN,unresolved_street_name
VANCOUVER,ARTHUR LAING BRIDGE,SW MARINE DR OFFRAMP,2020.0,1.0,no,no,49.202322,-123.134613,yes,PROPERTY DAMAGE ONLY,ARTHUR LAING BRIDGE,SW MARINE DR OFFRAMP,dispersed_intersection_locations
VANCOUVER,GRANVILLE ST,UNKNOWN,2020.0,1.0,no,no,49.256674,-123.138812,yes,PROPERTY DAMAGE ONLY,GRANVILLE ST,UNKNOWN,unresolved_street_name
VANCOUVER,GRANVILLE ST,UNKNOWN,2020.0,1.0,no,no,49.256674,-123.138812,yes,PROPERTY DAMAGE ONLY,GRANVILLE ST,UNKNOWN,unresolved_street_name
VANCOUVER,SW MARINE DR,UNKNOWN,2020.0,1.0,no,no,49.203586,-123.13577,yes,PROPERTY DAMAGE ONLY,SW MARINE DR,UNKNOWN,unresolved_street_name
VANCOUVER,ARTHUR LAING BRIDGE,SW MARINE DR OFFRAMP,2020.0,1.0,no,no,49.202322,-123.134613,yes,PROPERTY DAMAGE ONLY,ARTHUR LAING BRIDGE,SW MARINE DR OFFRAMP,dispersed_intersection_locations
VANCOUVER,HWY 99,UNKNOWN,2020.0,1.0,no,no,49.309663,-123.143749,yes,PROPERTY DAMAGE ONLY,HWY 99,UNKNOWN,unresolved_street_name
VANCOUVER,ARTHUR LAING BRIDGE,GRANVILLE ST ONRAMP,2021.0,1.0,no,no,49.202322,-123.134613,yes,PROPERTY DAMAGE ONLY,ARTHUR LAING BRIDGE,GRANVILLE ST ONRAMP,dispersed_intersection_locations
VANCOUVER,STANLEY PARK CAUSEWAY,UNKNOWN,2021.0,1.0,no,no,49.309663,-123.143749,yes,PROPERTY DAMAGE ONLY,STANLEY PARK CAUSEWAY,UNKNOWN,unresolved_street_name
VANCOUVER,SW MARINE DR,UNKNOWN,2021.0,1.0,no,no,49.203586,-123.13577,yes,PROPERTY DAMAGE ONLY,SW MARINE DR,UNKNOWN,unresolved_street_name
VANCOUVER,N LAGOON DR,STANLEY PARK DR,2021.0,1.0,no,no,49.297163,-123.136888,yes,PROPERTY DAMAGE ONLY,N LAGOON DR,STANLEY PARK DR,dispersed_intersection_locations
VANCOUVER,OAK ST,UNKNOWN,2021.0,1.0,no,no,49.202668,-123.130459,yes,PROPERTY DAMAGE ONLY,OAK ST,UNKNOWN,unresolved_street_name
VANCOUVER,ARTHUR LAING BRIDGE,GRANVILLE ST ONRAMP,2021.0,1.0,no,no,49.202322,-123.134613,yes,PROPERTY DAMAGE ONLY,ARTHUR LAING BRIDGE,GRANVILLE ST ONRAMP,dispersed_intersection_locations
VANCOUVER,SW MARINE DR ONRAMP,ARTHUR LAING BRIDGE,2021.0,1.0,no,no,49.202322,-123.134613,yes,PROPERTY DAMAGE ONLY,ARTHUR LAING BRIDGE,SW MARINE DR ONRAMP,dispersed_intersection_locations
VANCOUVER,GRANVILLE ST,UNKNOWN,2018.0,1.0,no,no,49.256674,-123.138812,yes,PROPERTY DAMAGE ONLY,GRANVILLE ST,UNKNOWN,unresolved_street_name
VANCOUVER,HEMLOCK ST,UNKNOWN,2018.0,1.0,no,no,49.266742,-123.13592,yes,PROPERTY DAMAGE ONLY,HEMLOCK ST,UNKNOWN,unresolved_street_name
VANCOUVER,OAK ST,UNKNOWN,2018.0,1.0,no,no,49.244498,-123.127659,yes,PROPERTY DAMAGE ONLY,OAK ST,UNKNOWN,unresolved_street_name
VANCOUVER,HWY 99,UNKNOWN,2018.0,1.0,no,no,49.309663,-123.143749,yes,PROPERTY DAMAGE ONLY,HWY 99,UNKNOWN,unresolved_street_name
VANCOUVER,ARTHUR LAING BRIDGE,GRANVILLE ST OFFRAMP,2018.0,1.0,no,no,49.199694,-123.135608,yes,PROPERTY DAMAGE ONLY,ARTHUR LAING BRIDGE,GRANVILLE ST OFFRAMP,dispersed_intersection_locations
VANCOUVER,UNKNOWN,GRANVILLE ST,2018.0,1.0,no,no,49.256674,-123.138812,yes,PROPERTY DAMAGE ONLY,GRANVILLE ST,UNKNOWN,unresolved_street_name
VANCOUVER,ARBUTUS ST,UNKNOWN,2018.0,1.0,no,no,49.240812,-123.154801,yes,PROPERTY DAMAGE ONLY,ARBUTUS ST,UNKNOWN,unresolved_street_name
VANCOUVER,SW MARINE DR,UNKNOWN,2018.0,1.0,no,no,49.227103,-123.170968,yes,PROPERTY DAMAGE ONLY,SW MARINE DR,UNKNOWN,unresolved_street_name
VANCOUVER,OAK ST,UNKNOWN,2018.0,1.0,no,no,49.244498,-123.127659,yes,PROPERTY DAMAGE ONLY,OAK ST,UNKNOWN,unresolved_street_name
VANCOUVER,BURRARD ST BRIDGE,UNKNOWN,2018.0,1.0,no,no,49.276647,-123.133363,yes,PROPERTY DAMAGE ONLY,BURRARD ST BRIDGE,UNKNOWN,unresolved_street_name
VANCOUVER,SW MARINE DR,UNKNOWN,2018.0,1.0,no,no,49.227103,-123.170968,yes,PROPERTY DAMAGE ONLY,SW MARINE DR,UNKNOWN,unresolved_street_name
VANCOUVER,STANLEY PARK CAUSEWAY,UNKNOWN,2018.0,1.0,no,no,49.309663,-123.143749,yes,PROPERTY DAMAGE ONLY,STANLEY PARK CAUSEWAY,UNKNOWN,unresolved_street_name
VANCOUVER,OAK ST OFFRAMP,SW MARINE DR,2018.0,1.0,no,no,49.205475,-123.128323,yes,PROPERTY DAMAGE ONLY,OAK ST OFFRAMP,SW MARINE DR,dispersed_intersection_locations
VANCOUVER,ARTHUR LAING BRIDGE,GRANVILLE ST OFFRAMP,2018.0,1.0,no,no,49.199694,-123.135608,yes,PROPERTY DAMAGE ONLY,ARTHUR LAING BRIDGE,GRANVILLE ST OFFRAMP,dispersed_intersection_locations
VANCOUVER,GRANVILLE ST,UNKNOWN,2018.0,1.0,no,no,49.256674,-123.138812,yes,PROPERTY DAMAGE ONLY,GRANVILLE ST,UNKNOWN,unresolved_street_name
VANCOUVER,STANLEY PARK CAUSEWAY,UNKNOWN,2018.0,1.0,no,no,49.309663,-123.143749,yes,PROPERTY DAMAGE ONLY,STANLEY PARK CAUSEWAY,UNKNOWN,unresolved_street_name
VANCOUVER,SW MARINE DR,SW MARINE DR OFFRAMP,2018.0,1.0,no,no,49.204125,-123.131523,yes,PROPERTY DAMAGE ONLY,SW MARINE DR,SW MARINE DR OFFRAMP,dispersed_intersection_locations
VANCOUVER,ARTHUR LAING BRIDGE,GRANVILLE ST ONRAMP,2018.0,1.0,no,no,49.199856,-123.135665,yes,PROPERTY DAMAGE ONLY,ARTHUR LAING BRIDGE,GRANVILLE ST ONRAMP,dispersed_intersection_locations
VANCOUVER,OAK ST,UNKNOWN,2021.0,1.0,no,no,49.202668,-123.130459,yes,PROPERTY DAMAGE ONLY,OAK ST,UNKNOWN,unresolved_street_name
VANCOUVER,GRANVILLE ST,UNKNOWN,2021.0,1.0,no,no,49.256674,-123.138812,yes,PROPERTY DAMAGE ONLY,GRANVILLE ST,UNKNOWN,unresolved_street_name
VANCOUVER,W 41ST AVE,UNKNOWN,2021.0,1.0,no,no,49.234777,-123.19622,yes,PROPERTY DAMAGE ONLY,UNKNOWN,W 41ST AVE,unresolved_street_name
VANCOUVER,SW MARINE DR,SW MARINE DR OFFRAMP,2021.0,1.0,no,no,49.204125,-123.131523,yes,PROPERTY DAMAGE ONLY,SW MARINE DR,SW MARINE DR OFFRAMP,dispersed_intersection_locations
VANCOUVER,ARTHUR LAING BRIDGE,SW MARINE DR OFFRAMP,2021.0,1.0,no,no,49.202322,-123.134613,yes,PROPERTY DAMAGE ONLY,ARTHUR LAING BRIDGE,SW MARINE DR OFFRAMP,dispersed_intersection_locations
VANCOUVER,W 41ST AVE,UNKNOWN,2022.0,1.0,no,no,49.234777,-123.19622,yes,PROPERTY DAMAGE ONLY,UNKNOWN,W 41ST AVE,unresolved_street_name
VANCOUVER,SW MARINE DR,OAK ST OFFRAMP,2022.0,1.0,no,no,49.204906,-123.129668,yes,PROPERTY DAMAGE ONLY,OAK ST OFFRAMP,SW MARINE DR,dispersed_intersection_locations
VANCOUVER,N LAGOON DR,STANLEY PARK DR,2022.0,1.0,no,no,49.297163,-123.136888,yes,PROPERTY DAMAGE ONLY,N LAGOON DR,STANLEY PARK DR,dispersed_intersection_locations
VANCOUVER,SW MARINE DR,UNKNOWN,2022.0,1.0,no,no,49.203586,-123.13577,yes,PROPERTY DAMAGE ONLY,SW MARINE DR,UNKNOWN,unresolved_street_name
VANCOUVER,GRANVILLE ST,UNKNOWN,2022.0,1.0,no,no,49.256674,-123.138812,yes,PROPERTY DAMAGE ONLY,GRANVILLE ST,UNKNOWN,unresolved_street_name
VANCOUVER,GRANVILLE ST,UNKNOWN,2022.0,1.0,no,no,49.256674,-123.138812,yes,PROPERTY DAMAGE ONLY,GRANVILLE ST,UNKNOWN,unresolved_street_name
VANCOUVER,SW MARINE DR,UNKNOWN,2022.0,1.0,no,no,49.203586,-123.13577,yes,PROPERTY DAMAGE ONLY,SW MARINE DR,UNKNOWN,unresolved_street_name
VANCOUVER,SW MARINE DR,UNKNOWN,2018.0,1.0,no,no,49.227103,-123.170968,yes,PROPERTY DAMAGE ONLY,SW MARINE DR,UNKNOWN,unresolved_street_name
VANCOUVER,GRANVILLE ST,UNKNOWN,2018.0,1.0,no,no,49.256674,-123.138812,yes,PROPERTY DAMAGE ONLY,GRANVILLE ST,UNKNOWN,unresolved_street_name
VANCOUVER,SW MARINE DR ONRAMP,ARTHUR LAING BRIDGE,2018.0,1.0,no,no,49.199856,-123.135665,yes,PROPERTY DAMAGE ONLY,ARTHUR LAING BRIDGE,SW MARINE DR ONRAMP,dispersed_intersection_locations
VANCOUVER,SW MARINE DR,UNKNOWN,2018.0,1.0,no,no,49.227103,-123.170968,yes,PROPERTY DAMAGE ONLY,SW MARINE DR,UNKNOWN,unresolved_street_name
VANCOUVER,MACDONALD ST,UNKNOWN,2018.0,1.0,no,no,49.248127,-123.167857,yes,PROPERTY DAMAGE ONLY,MACDONALD ST,UNKNOWN,unresolved_street_name
VANCOUVER,W 41ST AVE,UNKNOWN,2018.0,1.0,no,no,49.234777,-123.19622,yes,PROPERTY DAMAGE ONLY,UNKNOWN,W 41ST AVE,unresolved_street_name
VANCOUVER,SW MARINE DR OFFRAMP,SW MARINE DR,2019.0,1.0,no,no,49.202322,-123.134613,yes,PROPERTY DAMAGE ONLY,SW MARINE DR,SW MARINE DR OFFRAMP,dispersed_intersection_locations
VANCOUVER,GRANVILLE ST,UNKNOWN,2019.0,1.0,no,no,49.256674,-123.138812,yes,PROPERTY DAMAGE ONLY,GRANVILLE ST,UNKNOWN,unresolved_street_name
VANCOUVER,SW MARINE DR,OAK ST OFFRAMP,2019.0,1.0,no,no,49.205475,-123.128323,yes,PROPERTY DAMAGE ONLY,OAK ST OFFRAMP,SW MARINE DR,dispersed_intersection_locations
VANCOUVER,W 41ST AVE,UNKNOWN,2019.0,1.0,no,no,49.234777,-123.19622,yes,PROPERTY DAMAGE ONLY,UNKNOWN,W 41ST AVE,unresolved_street_name
VANCOUVER,SW MARINE DR OFFRAMP,ARTHUR LAING BRIDGE,2019.0,1.0,no,no,49.202322,-123.134613,yes,PROPERTY DAMAGE ONLY,ARTHUR LAING BRIDGE,SW MARINE DR OFFRAMP,dispersed_intersection_locations
VANCOUVER,ARTHUR LAING BRIDGE,SW MARINE DR ONRAMP,2019.0,1.0,no,no,49.202322,-123.134613,yes,PROPERTY DAMAGE ONLY,ARTHUR LAING BRIDGE,SW MARINE DR ONRAMP,dispersed_intersection_locations
VANCOUVER,GRANVILLE ST,UNKNOWN,2019.0,1.0,no,no,49.256674,-123.138812,yes,PROPERTY DAMAGE ONLY,GRANVILLE ST,UNKNOWN,unresolved_street_name
VANCOUVER,SW MARINE DR,SW MARINE DR OFFRAMP,2019.0,1.0,no,no,49.202322,-123.134613,yes,PROPERTY DAMAGE ONLY,SW MARINE DR,SW MARINE DR OFFRAMP,dispersed_intersection_locations
VANCOUVER,W 41ST AVE,UNKNOWN,2019.0,1.0,no,no,49.234777,-123.19622,yes,PROPERTY DAMAGE ONLY,UNKNOWN,W 41ST AVE,unresolved_street_name
VANCOUVER,W 4TH AVE,UNKNOWN,2019.0,1.0,no,no,49.268857,-123.205855,yes,PROPERTY DAMAGE ONLY,UNKNOWN,W 4TH AVE,unresolved_street_name
VANCOUVER,OAK ST,UNKNOWN,2019.0,1.0,no,no,49.244498,-123.127659,yes,PROPERTY DAMAGE ONLY,OAK ST,UNKNOWN,unresolved_street_name
VANCOUVER,ARTHUR LAING BRIDGE,SW MARINE DR ONRAMP,2019.0,1.0,no,no,49.202322,-123.134613,yes,PROPERTY DAMAGE ONLY,ARTHUR LAING BRIDGE,SW MARINE DR ONRAMP,dispersed_intersection_locations
VANCOUVER,SW MARINE DR,OAK ST OFFRAMP,2019.0,1.0,no,no,49.205475,-123.128323,yes,PROPERTY DAMAGE ONLY,OAK ST OFFRAMP,SW MARINE DR,dispersed_intersection_locations
VANCOUVER,OAK ST,UNKNOWN,2019.0,1.0,no,no,49.244498,-123.127659,yes,PROPERTY DAMAGE ONLY,OAK ST,UNKNOWN,unresolved_street_name
VANCOUVER,BURRARD ST,UNKNOWN,2019.0,1.0,no,no,49.276647,-123.133363,yes,PROPERTY DAMAGE ONLY,BURRARD ST,UNKNOWN,unresolved_street_name
VANCOUVER,ARBUTUS ST,UNKNOWN,2019.0,1.0,no,no,49.240812,-123.154801,yes,PROPERTY DAMAGE ONLY,ARBUTUS ST,UNKNOWN,unresolved_street_name
VANCOUVER,SW MARINE DR,UNKNOWN,2019.0,1.0,no,no,49.227103,-123.170968,yes,PROPERTY DAMAGE ONLY,SW MARINE DR,UNKNOWN,unresolved_street_name
VANCOUVER,W 41ST AVE,UNKNOWN,2019.0,1.0,no,no,49.234777,-123.19622,yes,PROPERTY DAMAGE ONLY,UNKNOWN,W 41ST AVE,unresolved_street_name
VANCOUVER,STANLEY PARK DR,N LAGOON DR,2019.0,1.0,no,no,49.295679,-123.149703,yes,PROPERTY DAMAGE ONLY,N LAGOON DR,STANLEY PARK DR,dispersed_intersection_locations
VANCOUVER,SW MARINE DR OFFRAMP,SW MARINE DR,2019.0,1.0,no,no,49.202322,-123.134613,yes,PROPERTY DAMAGE ONLY,SW MARINE DR,SW MARINE DR OFFRAMP,dispersed_intersection_locations
VANCOUVER,OAK ST,UNKNOWN,2022.0,1.0,no,no,49.202668,-123.130459,yes,PROPERTY DAMAGE ONLY,OAK ST,UNKNOWN,unresolved_street_name
VANCOUVER,ARTHUR LAING BRIDGE,GRANVILLE ST ONRAMP,2022.0,1.0,no,no,49.202322,-123.134613,yes,PROPERTY DAMAGE ONLY,ARTHUR LAING BRIDGE,GRANVILLE ST ONRAMP,dispersed_intersection_locations
VANCOUVER,SW MARINE DR,UNKNOWN,2022.0,1.0,no,no,49.203586,-123.13577,yes,PROPERTY DAMAGE ONLY,SW MARINE DR,UNKNOWN,unresolved_street_name
VANCOUVER,W BROADWAY,UNKNOWN,2022.0,1.0,no,no,49.263596,-123.139257,yes,PROPERTY DAMAGE ONLY,UNKNOWN,W BROADWAY,unresolved_street_name
VANCOUVER,SW MARINE DR,UNKNOWN,2022.0,1.0,no,no,49.203586,-123.13577,yes,PROPERTY DAMAGE ONLY,SW MARINE DR,UNKNOWN,unresolved_street_name
VANCOUVER,SW MARINE DR,OAK ST OFFRAMP,2022.0,1.0,no,no,49.205475,-123.128323,yes,PROPERTY DAMAGE ONLY,OAK ST OFFRAMP,SW MARINE DR,dispersed_intersection_locations
VANCOUVER,NELSON ST,BEATTY ST,2022.0,1.0,no,no,49.275686,-123.116851,yes,PROPERTY DAMAGE ONLY,BEATTY ST,NELSON ST,dispersed_intersection_locations
VANCOUVER,OAK ST OFFRAMP,SW MARINE DR,2022.0,1.0,no,no,49.205475,-123.128323,yes,PROPERTY DAMAGE ONLY,OAK ST OFFRAMP,SW MARINE DR,dispersed_intersection_locations
VANCOUVER,CAMBIE ST,UNKNOWN,2022.0,1.0,no,no,49.245462,-123.115772,yes,PROPERTY DAMAGE ONLY,CAMBIE ST,UNKNOWN,unresolved_street_name
VANCOUVER,NELSON ST,BEATTY ST,2022.0,1.0,no,no,49.275686,-123.116851,yes,PROPERTY DAMAGE ONLY,BEATTY ST,NELSON ST,dispersed_intersection_locations
VANCOUVER,W 12TH AVE,UNKNOWN,2022.0,1.0,no,no,49.261383,-123.167176,yes,PROPERTY DAMAGE ONLY,UNKNOWN,W 12TH AVE,unresolved_street_name
VANCOUVER,SW MARINE DR ONRAMP,ARTHUR LAING BRIDGE,2022.0,1.0,no,no,49.202322,-123.134613,yes,PROPERTY DAMAGE ONLY,ARTHUR LAING BRIDGE,SW MARINE DR ONRAMP,dispersed_intersection_locations
VANCOUVER,N LAGOON DR,STANLEY PARK DR,2022.0,1.0,no,no,49.297163,-123.136888,yes,PROPERTY DAMAGE ONLY,N LAGOON DR,STANLEY PARK DR,dispersed_intersection_locations
VANCOUVER,KINGSWAY,UNKNOWN,2022.0,1.0,no,no,49.256449,-123.089297,yes,PROPERTY DAMAGE ONLY,KINGSWAY,UNKNOWN,unresolved_street_name
VANCOUVER,SW MARINE DR,UNKNOWN,2022.0,1.0,no,no,49.203586,-123.13577,yes,PROPERTY DAMAGE ONLY,SW MARINE DR,UNKNOWN,unresolved_street_name
VANCOUVER,MAIN ST,UNKNOWN,2022.0,1.0,no,no,49.276783,-123.099854,yes,PROPERTY DAMAGE ONLY,MAIN ST,UNKNOWN,unresolved_street_name
VANCOUVER,KINGSWAY,UNKNOWN,2022.0,1.0,no,no,49.256449,-123.089297,yes,PROPERTY DAMAGE ONLY,KINGSWAY,UNKNOWN,unresolved_street_name
VANCOUVER,SW MARINE DR OFFRAMP,ARTHUR LAING BRIDGE,2022.0,1.0,no,no,49.202322,-123.134613,yes,PROPERTY DAMAGE ONLY,ARTHUR LAING BRIDGE,SW MARINE DR OFFRAMP,dispersed_intersection_locations
VANCOUVER,ARTHUR LAING BRIDGE,SW MARINE DR OFFRAMP,2022.0,1.0,no,no,49.202322,-123.134613,yes,PROPERTY DAMAGE ONLY,ARTHUR LAING BRIDGE,SW MARINE DR OFFRAMP,dispersed_intersection_locations
VANCOUVER,HWY 99,UNKNOWN,2022.0,1.0,no,no,49.309663,-123.143749,yes,PROPERTY DAMAGE ONLY,HWY 99,UNKNOWN,unresolved_street_name
VANCOUVER,SMITHE ST,UNKNOWN,2022.0,1.0,no,no,49.276234,-123.115156,yes,PROPERTY DAMAGE ONLY,SMITHE ST,UNKNOWN,unresolved_street_name
VANCOUVER,W 41ST AVE,UNKNOWN,2022.0,1.0,no,no,49.234777,-123.19622,yes,PROPERTY DAMAGE ONLY,UNKNOWN,W 41ST AVE,unresolved_street_name
VANCOUVER,SW MARINE DR,UNKNOWN,2022.0,1.0,no,no,49.203586,-123.13577,yes,PROPERTY DAMAGE ONLY,SW MARINE DR,UNKNOWN,unresolved_street_name
VANCOUVER,SW MARINE DR,UNKNOWN,2022.0,1.0,no,no,49.203586,-123.13577,yes,PROPERTY DAMAGE ONLY,SW MARINE DR,UNKNOWN,unresolved_street_name
VANCOUVER,SW MARINE DR,UNKNOWN,2022.0,1.0,no,no,49.203586,-123.13577,yes,PROPERTY DAMAGE ONLY,SW MARINE DR,UNKNOWN,unresolved_street_name
VANCOUVER,GRANVILLE ST,UNKNOWN,2022.0,1.0,no,no,49.256674,-123.138812,yes,PROPERTY DAMAGE ONLY,GRANVILLE ST,UNKNOWN,unresolved_street_name
VANCOUVER,W 41ST AVE,UNKNOWN,2022.0,1.0,no,no,49.234777,-123.19622,yes,PROPERTY DAMAGE ONLY,UNKNOWN,W 41ST AVE,unresolved_street_name
VANCOUVER,W 41ST AVE,UNKNOWN,2022.0,1.0,no,no,49.234777,-123.19622,yes,PROPERTY DAMAGE ONLY,UNKNOWN,W 41ST AVE,unresolved_street_name
VANCOUVER,SW MARINE DR,OAK ST OFFRAMP,2022.0,1.0,no,no,49.204906,-123.129668,yes,PROPERTY DAMAGE ONLY,OAK ST OFFRAMP,SW MARINE DR,dispersed_intersection_locations
VANCOUVER,SW MARINE DR,SW MARINE DR OFFRAMP,2019.0,1.0,no,no,49.202322,-123.134613,yes,PROPERTY DAMAGE ONLY,SW MARINE DR,SW MARINE DR OFFRAMP,dispersed_intersection_locations
VANCOUVER,W BROADWAY,UNKNOWN,2019.0,1.0,no,no,49.263596,-123.139257,yes,PROPERTY DAMAGE ONLY,UNKNOWN,W BROADWAY,unresolved_street_name
VANCOUVER,ARTHUR LAING BRIDGE,GRANVILLE ST OFFRAMP,2019.0,1.0,no,no,49.202322,-123.134613,yes,PROPERTY DAMAGE ONLY,ARTHUR LAING BRIDGE,GRANVILLE ST OFFRAMP,dispersed_intersection_locations
VANCOUVER,SW MARINE DR ONRAMP,ARTHUR LAING BRIDGE,2019.0,1.0,no,no,49.202322,-123.134613,yes,PROPERTY DAMAGE ONLY,ARTHUR LAING BRIDGE,SW MARINE DR ONRAMP,dispersed_intersection_locations
VANCOUVER,W 4TH AVE,UNKNOWN,2019.0,1.0,no,no,49.268857,-123.205855,yes,PROPERTY DAMAGE ONLY,UNKNOWN,W 4TH AVE,unresolved_street_name
VANCOUVER,SW MARINE DR,UNKNOWN,2019.0,1.0,no,no,49.227103,-123.170968,yes,PROPERTY DAMAGE ONLY,SW MARINE DR,UNKNOWN,unresolved_street_name
VANCOUVER,BRIDGEWAY,CASSIAR CONNECTR,2022.0,1.0,no,no,49.28117,-123.031463,yes,PROPERTY DAMAGE ONLY,BRIDGEWAY,CASSIAR CONNECTR,dispersed_intersection_locations
VANCOUVER,SE MARINE DR,UNKNOWN,2022.0,1.0,no,no,49.207883,-123.038868,yes,PROPERTY DAMAGE ONLY,SE MARINE DR,UNKNOWN,unresolved_street_name
VANCOUVER,E 49TH AVE,UNKNOWN,2022.0,1.0,no,no,49.224486,-123.030847,yes,PROPERTY DAMAGE ONLY,E 49TH AVE,UNKNOWN,unresolved_street_name
VANCOUVER,HWY 1,UNKNOWN,2022.0,1.0,no,no,49.281088,-123.031476,yes,PROPERTY DAMAGE ONLY,HWY 1,UNKNOWN,unresolved_street_name
VANCOUVER,BRIDGEWAY ST,CASSIAR CONNECTR,2022.0,1.0,no,no,49.28117,-123.031463,yes,PROPERTY DAMAGE ONLY,BRIDGEWAY ST,CASSIAR CONNECTR,dispersed_intersection_locations
VANCOUVER,SE MARINE DR,UNKNOWN,2022.0,1.0,no,no,49.207883,-123.038868,yes,PROPERTY DAMAGE ONLY,SE MARINE DR,UNKNOWN,unresolved_street_name
VANCOUVER,E 1ST AVE,UNKNOWN,2022.0,1.0,no,no,49.269452,-123.027611,yes,PROPERTY DAMAGE ONLY,E 1ST AVE,UNKNOWN,unresolved_street_name
VANCOUVER,CASSIAR CONNECTR,UNKNOWN,2022.0,1.0,no,no,49.28117,-123.031463,yes,PROPERTY DAMAGE ONLY,CASSIAR CONNECTR,UNKNOWN,unresolved_street_name
VANCOUVER,E 1ST AVE,UNKNOWN,2022.0,1.0,no,no,49.269452,-123.027611,yes,PROPERTY DAMAGE ONLY,E 1ST AVE,UNKNOWN,unresolved_street_name
VANCOUVER,GRANDVIEW HWY,UNKNOWN,2022.0,1.0,no,no,49.258229,-123.049573,yes,PROPERTY DAMAGE ONLY,GRANDVIEW HWY,UNKNOWN,unresolved_street_name
VANCOUVER,CLARK DR,UNKNOWN,2022.0,1.0,no,no,49.284071,-123.075832,yes,PROPERTY DAMAGE ONLY,CLARK DR,UNKNOWN,unresolved_street_name
VANCOUVER,SE MARINE DR,UNKNOWN,2022.0,1.0,no,no,49.207883,-123.038868,yes,PROPERTY DAMAGE ONLY,SE MARINE DR,UNKNOWN,unresolved_street_name
VANCOUVER,HWY 1,UNKNOWN,2022.0,1.0,no,no,49.281088,-123.031476,yes,PROPERTY DAMAGE ONLY,HWY 1,UNKNOWN,unresolved_street_name
VANCOUVER,E HASTINGS ST,UNKNOWN,2020.0,1.0,no,no,49.28117,-123.031463,yes,PROPERTY DAMAGE ONLY,E HASTINGS ST,UNKNOWN,unresolved_street_name
VANCOUVER,ANDERSON ST,GRANVILLE ST BRIDGE,2020.0,1.0,no,no,49.269263,-123.137909,yes,PROPERTY DAMAGE ONLY,ANDERSON ST,GRANVILLE ST BRIDGE,dispersed_intersection_locations
VANCOUVER,E 49TH AVE,UNKNOWN,2021.0,1.0,no,no,49.224486,-123.030847,yes,PROPERTY DAMAGE ONLY,E 49TH AVE,UNKNOWN,unresolved_street_name
VANCOUVER,SW MARINE DR,UNKNOWN,2021.0,1.0,no,no,49.203586,-123.13577,yes,PROPERTY DAMAGE ONLY,SW MARINE DR,UNKNOWN,unresolved_street_name
VANCOUVER,UNKNOWN,VICTORIA DR,2021.0,1.0,no,no,49.220784,-123.065869,yes,PROPERTY DAMAGE ONLY,UNKNOWN,VICTORIA DR,unresolved_street_name
VANCOUVER,HWY 1,UNKNOWN,2021.0,1.0,no,no,49.281088,-123.031476,yes,PROPERTY DAMAGE ONLY,HWY 1,UNKNOWN,unresolved_street_name
VANCOUVER,VICTORIA DR,UNKNOWN,2022.0,1.0,no,no,49.220784,-123.065869,yes,PROPERTY DAMAGE ONLY,UNKNOWN,VICTORIA DR,unresolved_street_name
VANCOUVER,BEATTY ST,NELSON ST,2018.0,1.0,no,no,49.275209,-123.114561,yes,PROPERTY DAMAGE ONLY,BEATTY ST,NELSON ST,dispersed_intersection_locations
VANCOUVER,KINGSWAY,UNKNOWN,2018.0,1.0,no,no,49.257559,-123.092578,yes,PROPERTY DAMAGE ONLY,KINGSWAY,UNKNOWN,unresolved_street_name
VANCOUVER,CAMBIE ST,PACIFIC BLVD,2018.0,1.0,no,no,49.274554,-123.119271,yes,PROPERTY DAMAGE ONLY,CAMBIE ST,PACIFIC BLVD,dispersed_intersection_locations
VANCOUVER,E HASTINGS ST,UNKNOWN,2018.0,1.0,no,no,49.28117,-123.031463,yes,PROPERTY DAMAGE ONLY,E HASTINGS ST,UNKNOWN,unresolved_street_name
VANCOUVER,NELSON ST,BEATTY ST,2018.0,1.0,no,no,49.275209,-123.114561,yes,PROPERTY DAMAGE ONLY,BEATTY ST,NELSON ST,dispersed_intersection_locations
VANCOUVER,BRIDGEWAY ST,CASSIAR CONNECTR,2018.0,1.0,no,no,49.287032,-123.031028,yes,PROPERTY DAMAGE ONLY,BRIDGEWAY ST,CASSIAR CONNECTR,dispersed_intersection_locations
VANCOUVER,BOUNDARY RD,UNKNOWN,2018.0,1.0,no,no,49.224638,-123.023484,yes,PROPERTY DAMAGE ONLY,BOUNDARY RD,UNKNOWN,unresolved_street_name
VANCOUVER,CAMBIE ST,PACIFIC BLVD,2018.0,1.0,no,no,49.274554,-123.119271,yes,PROPERTY DAMAGE ONLY,CAMBIE ST,PACIFIC BLVD,dispersed_intersection_locations
VANCOUVER,UNKNOWN,W 70TH AVE,2018.0,1.0,no,no,49.208266,-123.121586,yes,PROPERTY DAMAGE ONLY,UNKNOWN,W 70TH AVE,unresolved_street_name
VANCOUVER,E 15TH AVE,UNKNOWN,2018.0,1.0,no,no,49.257274,-123.092586,yes,PROPERTY DAMAGE ONLY,E 15TH AVE,UNKNOWN,unresolved_street_name
VANCOUVER,BEATTY ST,NELSON ST,2018.0,1.0,no,no,49.275209,-123.114561,yes,PROPERTY DAMAGE ONLY,BEATTY ST,NELSON ST,dispersed_intersection_locations
VANCOUVER,CAMBIE ST,PACIFIC BLVD,2018.0,1.0,no,no,49.274554,-123.119271,yes,PROPERTY DAMAGE ONLY,CAMBIE ST,PACIFIC BLVD,dispersed_intersection_locations
VANCOUVER,CAMBIE ST,UNKNOWN,2018.0,1.0,no,no,49.268134,-123.115019,yes,PROPERTY DAMAGE ONLY,CAMBIE ST,UNKNOWN,unresolved_street_name
VANCOUVER,UNKNOWN,MAIN ST,2018.0,1.0,no,no,49.276783,-123.099854,yes,PROPERTY DAMAGE ONLY,MAIN ST,UNKNOWN,unresolved_street_name
VANCOUVER,NELSON ST,BEATTY ST,2018.0,1.0,no,no,49.275209,-123.114561,yes,PROPERTY DAMAGE ONLY,BEATTY ST,NELSON ST,dispersed_intersection_locations
VANCOUVER,NELSON ST,BEATTY ST,2018.0,1.0,no,no,49.275209,-123.114561,yes,PROPERTY DAMAGE ONLY,BEATTY ST,NELSON ST,dispersed_intersection_locations
VANCOUVER,CAMBIE ST,PACIFIC BLVD,2018.0,1.0,no,no,49.274554,-123.119271,yes,PROPERTY DAMAGE ONLY,CAMBIE ST,PACIFIC BLVD,dispersed_intersection_locations
VANCOUVER,CAMBIE ST,UNKNOWN,2018.0,1.0,no,no,49.268134,-123.115019,yes,PROPERTY DAMAGE ONLY,CAMBIE ST,UNKNOWN,unresolved_street_name
VANCOUVER,BEATTY ST,NELSON ST,2018.0,1.0,no,no,49.275209,-123.114561,yes,PROPERTY DAMAGE ONLY,BEATTY ST,NELSON ST,dispersed_intersection_locations
VANCOUVER,PACIFIC BLVD,CAMBIE ST,2018.0,1.0,no,no,49.274554,-123.119271,yes,PROPERTY DAMAGE ONLY,CAMBIE ST,PACIFIC BLVD,dispersed_intersection_locations
VANCOUVER,NELSON ST,BEATTY ST,2018.0,1.0,no,no,49.275209,-123.114561,yes,PROPERTY DAMAGE ONLY,BEATTY ST,NELSON ST,dispersed_intersection_locations
VANCOUVER,CASSIAR CONNECTR,BRIDGEWAY ST,2018.0,1.0,yes,no,49.287032,-123.031028,yes,PROPERTY DAMAGE ONLY,BRIDGEWAY ST,CASSIAR CONNECTR,dispersed_intersection_locations
VANCOUVER,E HASTINGS ST,UNKNOWN,2018.0,1.0,yes,no,49.28117,-123.031463,yes,PROPERTY DAMAGE ONLY,E HASTINGS ST,UNKNOWN,unresolved_street_name
VANCOUVER,BRIDGEWAY ST,CASSIAR CONNECTR,2019.0,1.0,yes,no,49.287032,-123.031028,yes,PROPERTY DAMAGE ONLY,BRIDGEWAY ST,CASSIAR CONNECTR,dispersed_intersection_locations
VANCOUVER,VICTORIA DR,UNKNOWN,2021.0,1.0,yes,no,49.220784,-123.065869,yes,PROPERTY DAMAGE ONLY,UNKNOWN,VICTORIA DR,unresolved_street_name
VANCOUVER,BRIDGEWAY ST,CASSIAR CONNECTR,2018.0,1.0,no,no,49.287032,-123.031028,yes,CASUALTY CRASH,BRIDGEWAY ST,CASSIAR CONNECTR,dispersed_intersection_locations
VANCOUVER,E HASTINGS ST,UNKNOWN,2020.0,1.0,no,no,49.28117,-123.031463,yes,CASUALTY CRASH,E HASTINGS ST,UNKNOWN,unresolved_street_name
VANCOUVER,CASSIAR CONNECTR,BRIDGEWAY ST,2020.0,1.0,no,no,49.287032,-123.031028,yes,CASUALTY CRASH,BRIDGEWAY ST,CASSIAR CONNECTR,dispersed_intersection_locations
VANCOUVER,W 16TH AVE,UNKNOWN,2021.0,1.0,no,no,49.257887,-123.177421,yes,CASUALTY CRASH,UNKNOWN,W 16TH AVE,unresolved_street_name
VANCOUVER,E HASTINGS ST,UNKNOWN,2018.0,1.0,no,no,49.28117,-123.031463,yes,PROPERTY DAMAGE ONLY,E HASTINGS ST,UNKNOWN,unresolved_street_name
VANCOUVER,GRANVILLE ST,UNKNOWN,2018.0,1.0,no,no,49.256674,-123.138812,yes,PROPERTY DAMAGE ONLY,GRANVILLE ST,UNKNOWN,unresolved_street_name
VANCOUVER,W BROADWAY,UNKNOWN,2018.0,1.0,no,no,49.263596,-123.139257,yes,PROPERTY DAMAGE ONLY,UNKNOWN,W BROADWAY,unresolved_street_name
VANCOUVER,W 41ST AVE,UNKNOWN,2018.0,1.0,no,no,49.234777,-123.19622,yes,PROPERTY DAMAGE ONLY,UNKNOWN,W 41ST AVE,unresolved_street_name
VANCOUVER,W 41ST AVE,UNKNOWN,2018.0,1.0,no,no,49.234777,-123.19622,yes,PROPERTY DAMAGE ONLY,UNKNOWN,W 41ST AVE,unresolved_street_name
VANCOUVER,SW MARINE DR,UNKNOWN,2019.0,1.0,no,no,49.227103,-123.170968,yes,PROPERTY DAMAGE ONLY,SW MARINE DR,UNKNOWN,unresolved_street_name
VANCOUVER,SW MARINE DR,UNKNOWN,2019.0,1.0,no,no,49.227103,-123.170968,yes,PROPERTY DAMAGE ONLY,SW MARINE DR,UNKNOWN,unresolved_street_name
VANCOUVER,CAMBIE ST,UNKNOWN,2018.0,1.0,no,no,49.268134,-123.115019,yes,PROPERTY DAMAGE ONLY,CAMBIE ST,UNKNOWN,unresolved_street_name
VANCOUVER,UNKNOWN,E 33RD AVE,2018.0,1.0,no,no,49.240531,-123.103418,yes,PROPERTY DAMAGE ONLY,E 33RD AVE,UNKNOWN,unresolved_street_name
VANCOUVER,KINGSWAY,UNKNOWN,2018.0,1.0,no,no,49.257559,-123.092578,yes,PROPERTY DAMAGE ONLY,KINGSWAY,UNKNOWN,unresolved_street_name
VANCOUVER,KINGSWAY,UNKNOWN,2018.0,1.0,no,no,49.257559,-123.092578,yes,PROPERTY DAMAGE ONLY,KINGSWAY,UNKNOWN,unresolved_street_name
VANCOUVER,CAMBIE ST,PACIFIC BLVD,2018.0,1.0,no,no,49.274554,-123.119271,yes,PROPERTY DAMAGE ONLY,CAMBIE ST,PACIFIC BLVD,dispersed_intersection_locations
VANCOUVER,CAMBIE ST,PACIFIC BLVD,2018.0,1.0,no,no,49.274554,-123.119271,yes,PROPERTY DAMAGE ONLY,CAMBIE ST,PACIFIC BLVD,dispersed_intersection_locations
VANCOUVER,PACIFIC BLVD,CAMBIE ST,2018.0,1.0,no,no,49.274554,-123.119271,yes,PROPERTY DAMAGE ONLY,CAMBIE ST,PACIFIC BLVD,dispersed_intersection_locations
VANCOUVER,CAMBIE ST,PACIFIC BLVD,2018.0,1.0,no,no,49.274554,-123.119271,yes,PROPERTY DAMAGE ONLY,CAMBIE ST,PACIFIC BLVD,dispersed_intersection_locations
VANCOUVER,HWY 1,UNKNOWN,2018.0,1.0,no,no,49.281228,-123.031485,yes,PROPERTY DAMAGE ONLY,HWY 1,UNKNOWN,unresolved_street_name
VANCOUVER,CASSIAR CONNECTR,BRIDGEWAY,2018.0,1.0,no,no,49.287032,-123.031028,yes,PROPERTY DAMAGE ONLY,BRIDGEWAY,CASSIAR CONNECTR,dispersed_intersection_locations
VANCOUVER,CAMBIE ST,PACIFIC BLVD,2018.0,1.0,no,no,49.274554,-123.119271,yes,PROPERTY DAMAGE ONLY,CAMBIE ST,PACIFIC BLVD,dispersed_intersection_locations
VANCOUVER,MAIN ST,UNKNOWN,2018.0,1.0,no,no,49.276783,-123.099854,yes,PROPERTY DAMAGE ONLY,MAIN ST,UNKNOWN,unresolved_street_name
VANCOUVER,CAMBIE ST,PACIFIC BLVD,2018.0,1.0,no,no,49.274554,-123.119271,yes,PROPERTY DAMAGE ONLY,CAMBIE ST,PACIFIC BLVD,dispersed_intersection_locations
VANCOUVER,E HASTINGS ST,UNKNOWN,2018.0,1.0,no,no,49.28117,-123.031463,yes,PROPERTY DAMAGE ONLY,E HASTINGS ST,UNKNOWN,unresolved_street_name
VANCOUVER,CAMBIE ST,PACIFIC BLVD,2018.0,1.0,no,no,49.274554,-123.119271,yes,PROPERTY DAMAGE ONLY,CAMBIE ST,PACIFIC BLVD,dispersed_intersection_locations
VANCOUVER,E KING EDWARD AVE,UNKNOWN,2018.0,1.0,no,no,49.248499,-123.073837,yes,PROPERTY DAMAGE ONLY,E KING EDWARD AVE,UNKNOWN,unresolved_street_name
VANCOUVER,BOUNDARY RD,UNKNOWN,2018.0,1.0,no,no,49.224638,-123.023484,yes,PROPERTY DAMAGE ONLY,BOUNDARY RD,UNKNOWN,unresolved_street_name
VANCOUVER,E HASTINGS ST,UNKNOWN,2018.0,1.0,no,no,49.28117,-123.031463,yes,PROPERTY DAMAGE ONLY,E HASTINGS ST,UNKNOWN,unresolved_street_name
VANCOUVER,UNKNOWN,MAIN ST,2019.0,1.0,no,no,49.276783,-123.099854,yes,PROPERTY DAMAGE ONLY,MAIN ST,UNKNOWN,unresolved_street_name
VANCOUVER,CAMBIE ST,PACIFIC BLVD,2019.0,1.0,no,no,49.274554,-123.119271,yes,PROPERTY DAMAGE ONLY,CAMBIE ST,PACIFIC BLVD,dispersed_intersection_locations
VANCOUVER,NELSON ST,BEATTY ST,2019.0,1.0,no,no,49.275209,-123.114561,yes,PROPERTY DAMAGE ONLY,BEATTY ST,NELSON ST,dispersed_intersection_locations
VANCOUVER,BOUNDARY RD,UNKNOWN,2019.0,1.0,no,no,49.224638,-123.023484,yes,PROPERTY DAMAGE ONLY,BOUNDARY RD,UNKNOWN,unresolved_street_name
VANCOUVER,GRANVILLE ST,UNKNOWN,2021.0,1.0,no,no,49.256674,-123.138812,yes,PROPERTY DAMAGE ONLY,GRANVILLE ST,UNKNOWN,unresolved_street_name
VANCOUVER,UNKNOWN,W 28TH AVE,2021.0,1.0,no,no,49.247134,-123.188125,yes,PROPERTY DAMAGE ONLY,UNKNOWN,W 28TH AVE,unresolved_street_name
VANCOUVER,W 41ST AVE,UNKNOWN,2021.0,1.0,no,no,49.234777,-123.19622,yes,PROPERTY DAMAGE ONLY,UNKNOWN,W 41ST AVE,unresolved_street_name
VANCOUVER,W 8TH AVE,UNKNOWN,2021.0,1.0,no,no,49.264514,-123.139251,yes,PROPERTY DAMAGE ONLY,UNKNOWN,W 8TH AVE,unresolved_street_name
VANCOUVER,W BROADWAY,UNKNOWN,2022.0,1.0,no,no,49.263596,-123.139257,yes,PROPERTY DAMAGE ONLY,UNKNOWN,W BROADWAY,unresolved_street_name
VANCOUVER,MACDONALD ST,UNKNOWN,2020.0,1.0,no,no,49.248127,-123.167857,yes,PROPERTY DAMAGE ONLY,MACDONALD ST,UNKNOWN,unresolved_street_name
VANCOUVER,BOUNDARY RD,UNKNOWN,2019.0,1.0,no,no,49.224638,-123.023484,yes,PROPERTY DAMAGE ONLY,BOUNDARY RD,UNKNOWN,unresolved_street_name
VANCOUVER,W 41ST AVE,UNKNOWN,2019.0,1.0,no,no,49.234777,-123.19622,yes,PROPERTY DAMAGE ONLY,UNKNOWN,W 41ST AVE,unresolved_street_name
VANCOUVER,BRIDGEWAY ST,CASSIAR CONNECTR,2019.0,1.0,no,no,49.287032,-123.031028,yes,PROPERTY DAMAGE ONLY,BRIDGEWAY ST,CASSIAR CONNECTR,dispersed_intersection_locations
VANCOUVER,GRANVILLE ST,UNKNOWN,2020.0,1.0,no,no,49.256674,-123.138812,yes,PROPERTY DAMAGE ONLY,GRANVILLE ST,UNKNOWN,unresolved_street_name
VANCOUVER,GRANVILLE ST,UNKNOWN,2022.0,1.0,no,no,49.256674,-123.138812,yes,PROPERTY DAMAGE ONLY,GRANVILLE ST,UNKNOWN,unresolved_street_name
VANCOUVER,ARTHUR LAING BRIDGE,SW MARINE DR OFFRAMP,2022.0,1.0,no,no,49.202322,-123.134613,yes,PROPERTY DAMAGE ONLY,ARTHUR LAING BRIDGE,SW MARINE DR OFFRAMP,dispersed_intersection_locations
VANCOUVER,W 41ST AVE,UNKNOWN,2018.0,1.0,no,no,49.234777,-123.19622,yes,PROPERTY DAMAGE ONLY,UNKNOWN,W 41ST AVE,unresolved_street_name
VANCOUVER,W 12TH AVE,UNKNOWN,2021.0,1.0,no,no,49.261383,-123.167176,yes,PROPERTY DAMAGE ONLY,UNKNOWN,W 12TH AVE,unresolved_street_name
VANCOUVER,W 12TH AVE,UNKNOWN,2021.0,1.0,no,no,49.261383,-123.167176,yes,PROPERTY DAMAGE ONLY,UNKNOWN,W 12TH AVE,unresolved_street_name
VANCOUVER,W 2ND AVE,UNKNOWN,2021.0,1.0,no,no,49.270111,-123.192004,yes,PROPERTY DAMAGE ONLY,UNKNOWN,W 2ND AVE,unresolved_street_name
VANCOUVER,W 2ND AVE,UNKNOWN,2021.0,1.0,no,no,49.270111,-123.192004,yes,PROPERTY DAMAGE ONLY,UNKNOWN,W 2ND AVE,unresolved_street_name
VANCOUVER,STANLEY PARK DR,N LAGOON DR,2022.0,1.0,no,yes,49.297163,-123.136888,yes,CASUALTY CRASH,N LAGOON DR,STANLEY PARK DR,dispersed_intersection_locations
VANCOUVER,SW MARINE DR,SW MARINE DR OFFRAMP,2022.0,1.0,no,yes,49.204125,-123.131523,yes,CASUALTY CRASH,SW MARINE DR,SW MARINE DR OFFRAMP,dispersed_intersection_locations
VANCOUVER,ANDERSON ST,GRANVILLE ST BRIDGE,2022.0,1.0,no,yes,49.269263,-123.137909,yes,CASUALTY CRASH,ANDERSON ST,GRANVILLE ST BRIDGE,dispersed_intersection_locations
VANCOUVER,GRANVILLE ST,UNKNOWN,2021.0,1.0,no,no,49.256674,-123.138812,yes,CASUALTY CRASH,GRANVILLE ST,UNKNOWN,unresolved_street_name
VANCOUVER,STANLEY PARK CAUSEWAY,UNKNOWN,2018.0,1.0,no,no,49.309663,-123.143749,yes,PROPERTY DAMAGE ONLY,STANLEY PARK CAUSEWAY,UNKNOWN,unresolved_street_name
VANCOUVER,STANLEY PARK DR,UNKNOWN,2019.0,1.0,no,no,49.302668,-123.129683,yes,PROPERTY DAMAGE ONLY,STANLEY PARK DR,UNKNOWN,unresolved_street_name
VANCOUVER,CAMBIE ST,PACIFIC BLVD,2019.0,1.0,no,no,49.274554,-123.119271,yes,PROPERTY DAMAGE ONLY,CAMBIE ST,PACIFIC BLVD,dispersed_intersection_locations
VANCOUVER,NELSON ST,BEATTY ST,2019.0,1.0,no,no,49.275209,-123.114561,yes,PROPERTY DAMAGE ONLY,BEATTY ST,NELSON ST,dispersed_intersection_locations
VANCOUVER,FRASER ST,UNKNOWN,2019.0,1.0,no,no,49.257257,-123.089271,yes,PROPERTY DAMAGE ONLY,FRASER ST,UNKNOWN,unresolved_street_name
VANCOUVER,KINGSWAY,UNKNOWN,2019.0,1.0,no,no,49.257559,-123.092578,yes,PROPERTY DAMAGE ONLY,KINGSWAY,UNKNOWN,unresolved_street_name
VANCOUVER,E 33RD AVE,UNKNOWN,2019.0,1.0,no,no,49.240531,-123.103418,yes,PROPERTY DAMAGE ONLY,E 33RD AVE,UNKNOWN,unresolved_street_name
VANCOUVER,CAMBIE ST,PACIFIC BLVD,2019.0,1.0,no,no,49.274554,-123.119271,yes,PROPERTY DAMAGE ONLY,CAMBIE ST,PACIFIC BLVD,dispersed_intersection_locations
VANCOUVER,E HASTINGS ST,UNKNOWN,2019.0,1.0,no,no,49.28117,-123.031463,yes,PROPERTY DAMAGE ONLY,E HASTINGS ST,UNKNOWN,unresolved_street_name
VANCOUVER,CASSIAR CONNECTR,BRIDGEWAY ST,2019.0,1.0,no,no,49.287032,-123.031028,yes,PROPERTY DAMAGE ONLY,BRIDGEWAY ST,CASSIAR CONNECTR,dispersed_intersection_locations
VANCOUVER,CAMBIE ST,PACIFIC BLVD,2019.0,1.0,no,no,49.274554,-123.119271,yes,PROPERTY DAMAGE ONLY,CAMBIE ST,PACIFIC BLVD,dispersed_intersection_locations
VANCOUVER,E PENDER ST,UNKNOWN,2019.0,1.0,no,no,49.280199,-123.031991,yes,PROPERTY DAMAGE ONLY,E PENDER ST,UNKNOWN,unresolved_street_name
VANCOUVER,E HASTINGS ST,UNKNOWN,2019.0,1.0,no,no,49.28117,-123.031463,yes,PROPERTY DAMAGE ONLY,E HASTINGS ST,UNKNOWN,unresolved_street_name
VANCOUVER,BEATTY ST,NELSON ST,2019.0,1.0,no,no,49.275209,-123.114561,yes,PROPERTY DAMAGE ONLY,BEATTY ST,NELSON ST,dispersed_intersection_locations
VANCOUVER,CAMBIE ST,PACIFIC BLVD,2019.0,1.0,no,no,49.274554,-123.119271,yes,PROPERTY DAMAGE ONLY,CAMBIE ST,PACIFIC BLVD,dispersed_intersection_locations
VANCOUVER,CAMBIE ST,PACIFIC BLVD,2019.0,1.0,no,no,49.274554,-123.119271,yes,PROPERTY DAMAGE ONLY,CAMBIE ST,PACIFIC BLVD,dispersed_intersection_locations
VANCOUVER,CAMBIE ST,PACIFIC BLVD,2019.0,1.0,no,no,49.274554,-123.119271,yes,PROPERTY DAMAGE ONLY,CAMBIE ST,PACIFIC BLVD,dispersed_intersection_locations
VANCOUVER,PACIFIC BLVD,CAMBIE ST,2019.0,1.0,no,no,49.274554,-123.119271,yes,PROPERTY DAMAGE ONLY,CAMBIE ST,PACIFIC BLVD,dispersed_intersection_locations
VANCOUVER,E HASTINGS ST,UNKNOWN,2019.0,1.0,no,no,49.28117,-123.031463,yes,PROPERTY DAMAGE ONLY,E HASTINGS ST,UNKNOWN,unresolved_street_name
VANCOUVER,CASSIAR CONNECTR,BRIDGEWAY ST,2019.0,1.0,no,no,49.287032,-123.031028,yes,PROPERTY DAMAGE ONLY,BRIDGEWAY ST,CASSIAR CONNECTR,dispersed_intersection_locations
VANCOUVER,E HASTINGS ST,UNKNOWN,2019.0,1.0,no,no,49.28117,-123.031463,yes,PROPERTY DAMAGE ONLY,E HASTINGS ST,UNKNOWN,unresolved_street_name
VANCOUVER,NELSON ST,BEATTY ST,2019.0,1.0,no,no,49.275209,-123.114561,yes,PROPERTY DAMAGE ONLY,BEATTY ST,NELSON ST,dispersed_intersection_locations
VANCOUVER,UNKNOWN,MARINE WAY,2019.0,1.0,no,no,49.205426,-123.023441,yes,PROPERTY DAMAGE ONLY,MARINE WAY,UNKNOWN,unresolved_street_name
VANCOUVER,MAIN ST,UNKNOWN,2019.0,1.0,no,no,49.276783,-123.099854,yes,PROPERTY DAMAGE ONLY,MAIN ST,UNKNOWN,unresolved_street_name
VANCOUVER,W 41ST AVE,UNKNOWN,2022.0,1.0,no,no,49.234777,-123.19622,yes,PROPERTY DAMAGE ONLY,UNKNOWN,W 41ST AVE,unresolved_street_name
VANCOUVER,UNKNOWN,ARBUTUS ST,2020.0,1.0,no,no,49.240812,-123.154801,yes,PROPERTY DAMAGE ONLY,ARBUTUS ST,UNKNOWN,unresolved_street_name
VANCOUVER,SW MARINE DR,SW MARINE DR OFFRAMP,2018.0,1.0,no,no,49.204125,-123.131523,yes,CASUALTY CRASH,SW MARINE DR,SW MARINE DR OFFRAMP,dispersed_intersection_locations
VANCOUVER,PACIFIC BLVD,CAMBIE ST,2019.0,1.0,no,no,49.274554,-123.119271,yes,PROPERTY DAMAGE ONLY,CAMBIE ST,PACIFIC BLVD,dispersed_intersection_locations
VANCOUVER,CAMBIE ST,PACIFIC BLVD,2019.0,1.0,no,no,49.274554,-123.119271,yes,PROPERTY DAMAGE ONLY,CAMBIE ST,PACIFIC BLVD,dispersed_intersection_locations
VANCOUVER,GRANDVIEW HWY,UNKNOWN,2019.0,1.0,no,no,49.257957,-123.049102,yes,PROPERTY DAMAGE ONLY,GRANDVIEW HWY,UNKNOWN,unresolved_street_name
VANCOUVER,NELSON ST,BEATTY ST,2019.0,1.0,no,no,49.275209,-123.114561,yes,PROPERTY DAMAGE ONLY,BEATTY ST,NELSON ST,dispersed_intersection_locations
VANCOUVER,QUEBEC ST,UNKNOWN,2019.0,1.0,no,no,49.239097,-123.103469,yes,PROPERTY DAMAGE ONLY,QUEBEC ST,UNKNOWN,unresolved_street_name
VANCOUVER,BEATTY ST,NELSON ST,2019.0,1.0,no,no,49.275209,-123.114561,yes,PROPERTY DAMAGE ONLY,BEATTY ST,NELSON ST,dispersed_intersection_locations
VANCOUVER,CAMBIE ST,PACIFIC BLVD,2019.0,1.0,no,no,49.274554,-123.119271,yes,PROPERTY DAMAGE ONLY,CAMBIE ST,PACIFIC BLVD,dispersed_intersection_locations
VANCOUVER,PACIFIC BLVD,CAMBIE ST,2019.0,1.0,no,no,49.274554,-123.119271,yes,PROPERTY DAMAGE ONLY,CAMBIE ST,PACIFIC BLVD,dispersed_intersection_locations
VANCOUVER,BEATTY ST,NELSON ST,2019.0,1.0,no,no,49.275209,-123.114561,yes,PROPERTY DAMAGE ONLY,BEATTY ST,NELSON ST,dispersed_intersection_locations
VANCOUVER,PACIFIC BLVD,CAMBIE ST,2019.0,1.0,no,no,49.274554,-123.119271,yes,PROPERTY DAMAGE ONLY,CAMBIE ST,PACIFIC BLVD,dispersed_intersection_locations
VANCOUVER,PACIFIC BLVD,CAMBIE ST,2019.0,1.0,no,no,49.274554,-123.119271,yes,PROPERTY DAMAGE ONLY,CAMBIE ST,PACIFIC BLVD,dispersed_intersection_locations
VANCOUVER,NELSON ST,BEATTY ST,2019.0,1.0,no,no,49.275209,-123.114561,yes,PROPERTY DAMAGE ONLY,BEATTY ST,NELSON ST,dispersed_intersection_locations
VANCOUVER,NELSON ST,BEATTY ST,2020.0,1.0,no,no,49.275686,-123.116851,yes,PROPERTY DAMAGE ONLY,BEATTY ST,NELSON ST,dispersed_intersection_locations
VANCOUVER,CAMBIE ST,PACIFIC BLVD,2020.0,1.0,no,no,49.274554,-123.119271,yes,PROPERTY DAMAGE ONLY,CAMBIE ST,PACIFIC BLVD,dispersed_intersection_locations
VANCOUVER,PACIFIC BLVD,CAMBIE ST,2020.0,1.0,no,no,49.274554,-123.119271,yes,PROPERTY DAMAGE ONLY,CAMBIE ST,PACIFIC BLVD,dispersed_intersection_locations
VANCOUVER,W 33RD AVE,UNKNOWN,2020.0,1.0,no,no,49.241037,-123.116336,yes,PROPERTY DAMAGE ONLY,UNKNOWN,W 33RD AVE,unresolved_street_name
VANCOUVER,BEATTY ST,NELSON ST,2020.0,1.0,no,no,49.275686,-123.116851,yes,PROPERTY DAMAGE ONLY,BEATTY ST,NELSON ST,dispersed_intersection_locations
VANCOUVER,PACIFIC BLVD,CAMBIE ST,2020.0,1.0,no,no,49.274554,-123.119271,yes,PROPERTY DAMAGE ONLY,CAMBIE ST,PACIFIC BLVD,dispersed_intersection_locations
VANCOUVER,KINGSWAY,UNKNOWN,2020.0,1.0,no,no,49.257559,-123.092578,yes,PROPERTY DAMAGE ONLY,KINGSWAY,UNKNOWN,unresolved_street_name
VANCOUVER,KINGSWAY,UNKNOWN,2018.0,1.0,no,no,49.257559,-123.092578,yes,PROPERTY DAMAGE ONLY,KINGSWAY,UNKNOWN,unresolved_street_name
VANCOUVER,KINGSWAY,UNKNOWN,2018.0,1.0,no,no,49.257559,-123.092578,yes,PROPERTY DAMAGE ONLY,KINGSWAY,UNKNOWN,unresolved_street_name
VANCOUVER,PACIFIC BLVD,CAMBIE ST,2018.0,1.0,no,no,49.274554,-123.119271,yes,PROPERTY DAMAGE ONLY,CAMBIE ST,PACIFIC BLVD,dispersed_intersection_locations
VANCOUVER,CAMBIE ST,PACIFIC BLVD,2018.0,1.0,no,no,49.274554,-123.119271,yes,PROPERTY DAMAGE ONLY,CAMBIE ST,PACIFIC BLVD,dispersed_intersection_locations
VANCOUVER,BEATTY ST,NELSON ST,2018.0,1.0,no,no,49.275209,-123.114561,yes,PROPERTY DAMAGE ONLY,BEATTY ST,NELSON ST,dispersed_intersection_locations
VANCOUVER,UNKNOWN,MAIN ST,2018.0,1.0,no,no,49.276783,-123.099854,yes,PROPERTY DAMAGE ONLY,MAIN ST,UNKNOWN,unresolved_street_name
VANCOUVER,W 6TH AVE,UNKNOWN,2018.0,1.0,no,no,49.266629,-123.114844,yes,PROPERTY DAMAGE ONLY,UNKNOWN,W 6TH AVE,unresolved_street_name
VANCOUVER,CAMBIE ST,UNKNOWN,2018.0,1.0,no,no,49.268134,-123.115019,yes,PROPERTY DAMAGE ONLY,CAMBIE ST,UNKNOWN,unresolved_street_name
VANCOUVER,BEATTY ST,NELSON ST,2018.0,1.0,no,no,49.275209,-123.114561,yes,PROPERTY DAMAGE ONLY,BEATTY ST,NELSON ST,dispersed_intersection_locations
VANCOUVER,KINGSWAY,UNKNOWN,2018.0,1.0,no,no,49.257559,-123.092578,yes,PROPERTY DAMAGE ONLY,KINGSWAY,UNKNOWN,unresolved_street_name
VANCOUVER,SE MARINE DR,UNKNOWN,2018.0,1.0,no,no,49.207883,-123.038868,yes,PROPERTY DAMAGE ONLY,SE MARINE DR,UNKNOWN,unresolved_street_name
VANCOUVER,HWY 1,UNKNOWN,2018.0,1.0,no,no,49.281228,-123.031485,yes,PROPERTY DAMAGE ONLY,HWY 1,UNKNOWN,unresolved_street_name
VANCOUVER,VICTORIA DR,UNKNOWN,2018.0,1.0,no,no,49.220784,-123.065869,yes,PROPERTY DAMAGE ONLY,UNKNOWN,VICTORIA DR,unresolved_street_name
VANCOUVER,HWY 1,UNKNOWN,2018.0,1.0,no,no,49.281228,-123.031485,yes,PROPERTY DAMAGE ONLY,HWY 1,UNKNOWN,unresolved_street_name
VANCOUVER,ARTHUR LAING BRIDGE,SW MARINE DR ONRAMP,2018.0,1.0,no,no,49.199856,-123.135665,yes,PROPERTY DAMAGE ONLY,ARTHUR LAING BRIDGE,SW MARINE DR ONRAMP,dispersed_intersection_locations
VANCOUVER,KINGSWAY,UNKNOWN,2020.0,1.0,no,no,49.257559,-123.092578,yes,PROPERTY DAMAGE ONLY,KINGSWAY,UNKNOWN,unresolved_street_name
VANCOUVER,W 49TH AVE,UNKNOWN,2020.0,1.0,no,no,49.226076,-123.116515,yes,PROPERTY DAMAGE ONLY,UNKNOWN,W 49TH AVE,unresolved_street_name
VANCOUVER,PACIFIC BLVD,CAMBIE ST,2020.0,1.0,no,no,49.274554,-123.119271,yes,PROPERTY DAMAGE ONLY,CAMBIE ST,PACIFIC BLVD,dispersed_intersection_locations
VANCOUVER,PACIFIC BLVD,CAMBIE ST,2020.0,1.0,no,no,49.274554,-123.119271,yes,PROPERTY DAMAGE ONLY,CAMBIE ST,PACIFIC BLVD,dispersed_intersection_locations
VANCOUVER,KINGSWAY,UNKNOWN,2020.0,1.0,no,no,49.256449,-123.089297,yes,PROPERTY DAMAGE ONLY,KINGSWAY,UNKNOWN,unresolved_street_name
VANCOUVER,PACIFIC BLVD,CAMBIE ST,2020.0,1.0,no,no,49.274554,-123.119271,yes,PROPERTY DAMAGE ONLY,CAMBIE ST,PACIFIC BLVD,dispersed_intersection_locations
VANCOUVER,W 33RD AVE,UNKNOWN,2020.0,1.0,no,no,49.241037,-123.116336,yes,PROPERTY DAMAGE ONLY,UNKNOWN,W 33RD AVE,unresolved_street_name
VANCOUVER,BEATTY ST,NELSON ST,2020.0,1.0,no,no,49.275686,-123.116851,yes,PROPERTY DAMAGE ONLY,BEATTY ST,NELSON ST,dispersed_intersection_locations
VANCOUVER,PACIFIC BLVD,CAMBIE ST,2020.0,1.0,no,no,49.274554,-123.119271,yes,PROPERTY DAMAGE ONLY,CAMBIE ST,PACIFIC BLVD,dispersed_intersection_locations
VANCOUVER,CAMBIE ST,PACIFIC BLVD,2020.0,1.0,no,no,49.274554,-123.119271,yes,PROPERTY DAMAGE ONLY,CAMBIE ST,PACIFIC BLVD,dispersed_intersection_locations
VANCOUVER,PACIFIC BLVD,CAMBIE ST,2020.0,1.0,no,no,49.274115,-123.115226,yes,PROPERTY DAMAGE ONLY,CAMBIE ST,PACIFIC BLVD,dispersed_intersection_locations
VANCOUVER,KINGSWAY,UNKNOWN,2020.0,1.0,no,no,49.257559,-123.092578,yes,PROPERTY DAMAGE ONLY,KINGSWAY,UNKNOWN,unresolved_street_name
VANCOUVER,SOPHIA ST,UNKNOWN,2021.0,1.0,no,no,49.223708,-123.099659,yes,PROPERTY DAMAGE ONLY,SOPHIA ST,UNKNOWN,unresolved_street_name
VANCOUVER,PACIFIC BLVD,CAMBIE ST,2021.0,1.0,no,no,49.274115,-123.115226,yes,PROPERTY DAMAGE ONLY,CAMBIE ST,PACIFIC BLVD,dispersed_intersection_locations
VANCOUVER,E HASTINGS ST,UNKNOWN,2021.0,1.0,no,no,49.28117,-123.031463,yes,PROPERTY DAMAGE ONLY,E HASTINGS ST,UNKNOWN,unresolved_street_name
VANCOUVER,PACIFIC BLVD,CAMBIE ST,2021.0,1.0,no,no,49.274115,-123.115226,yes,PROPERTY DAMAGE ONLY,CAMBIE ST,PACIFIC BLVD,dispersed_intersection_locations
VANCOUVER,SE MARINE DR,UNKNOWN,2021.0,1.0,no,no,49.207883,-123.038868,yes,PROPERTY DAMAGE ONLY,SE MARINE DR,UNKNOWN,unresolved_street_name
VANCOUVER,BOUNDARY RD,UNKNOWN,2021.0,1.0,no,no,49.224638,-123.023484,yes,PROPERTY DAMAGE ONLY,BOUNDARY RD,UNKNOWN,unresolved_street_name
VANCOUVER,E KENT AVE N,UNKNOWN,2021.0,1.0,no,no,49.207219,-123.065196,yes,PROPERTY DAMAGE ONLY,E KENT AVE N,UNKNOWN,unresolved_street_name
VANCOUVER,CASSIAR CONNECTR,BRIDGEWAY ST,2021.0,1.0,no,no,49.287032,-123.031028,yes,PROPERTY DAMAGE ONLY,BRIDGEWAY ST,CASSIAR CONNECTR,dispersed_intersection_locations
VANCOUVER,KINGSWAY,UNKNOWN,2021.0,1.0,no,no,49.256449,-123.089297,yes,PROPERTY DAMAGE ONLY,KINGSWAY,UNKNOWN,unresolved_street_name
VANCOUVER,VICTORIA DR,UNKNOWN,2021.0,1.0,no,no,49.220784,-123.065869,yes,PROPERTY DAMAGE ONLY,UNKNOWN,VICTORIA DR,unresolved_street_name
VANCOUVER,E 1ST AVE,UNKNOWN,2021.0,1.0,no,no,49.269452,-123.027611,yes,PROPERTY DAMAGE ONLY,E 1ST AVE,UNKNOWN,unresolved_street_name
VANCOUVER,CLARK DR,UNKNOWN,2021.0,1.0,no,no,49.265963,-123.077417,yes,PROPERTY DAMAGE ONLY,CLARK DR,UNKNOWN,unresolved_street_name
VANCOUVER,CAMBIE ST,PACIFIC BLVD,2021.0,1.0,no,no,49.274115,-123.115226,yes,PROPERTY DAMAGE ONLY,CAMBIE ST,PACIFIC BLVD,dispersed_intersection_locations
VANCOUVER,BOUNDARY RD,UNKNOWN,2021.0,1.0,no,no,49.224638,-123.023484,yes,PROPERTY DAMAGE ONLY,BOUNDARY RD,UNKNOWN,unresolved_street_name
VANCOUVER,NELSON ST,BEATTY ST,2021.0,1.0,no,no,49.275686,-123.116851,yes,PROPERTY DAMAGE ONLY,BEATTY ST,NELSON ST,dispersed_intersection_locations
VANCOUVER,CASSIAR CONNECTR,BRIDGEWAY ST,2018.0,1.0,no,no,49.287032,-123.031028,yes,PROPERTY DAMAGE ONLY,BRIDGEWAY ST,CASSIAR CONNECTR,dispersed_intersection_locations
VANCOUVER,E HASTINGS ST,UNKNOWN,2018.0,1.0,no,no,49.28117,-123.031463,yes,PROPERTY DAMAGE ONLY,E HASTINGS ST,UNKNOWN,unresolved_street_name
VANCOUVER,E HASTINGS ST,UNKNOWN,2018.0,1.0,no,no,49.28117,-123.031463,yes,PROPERTY DAMAGE ONLY,E HASTINGS ST,UNKNOWN,unresolved_street_name
VANCOUVER,BRIDGEWAY,CASSIAR CONNECTR,2018.0,1.0,no,no,49.287032,-123.031028,yes,PROPERTY DAMAGE ONLY,BRIDGEWAY,CASSIAR CONNECTR,dispersed_intersection_locations
VANCOUVER,E HASTINGS ST,UNKNOWN,2019.0,1.0,no,no,49.28117,-123.031463,yes,PROPERTY DAMAGE ONLY,E HASTINGS ST,UNKNOWN,unresolved_street_name
VANCOUVER,BRIDGEWAY ST,CASSIAR CONNECTR,2019.0,1.0,no,no,49.287032,-123.031028,yes,PROPERTY DAMAGE ONLY,BRIDGEWAY ST,CASSIAR CONNECTR,dispersed_intersection_locations
VANCOUVER,HWY 1,UNKNOWN,2019.0,1.0,no,no,49.281228,-123.031485,yes,PROPERTY DAMAGE ONLY,HWY 1,UNKNOWN,unresolved_street_name
VANCOUVER,E HASTINGS ST,UNKNOWN,2019.0,1.0,no,no,49.28117,-123.031463,yes,PROPERTY DAMAGE ONLY,E HASTINGS ST,UNKNOWN,unresolved_street_name
VANCOUVER,CASSIAR CONNECTR,BRIDGEWAY ST,2020.0,1.0,no,no,49.287032,-123.031028,yes,PROPERTY DAMAGE ONLY,BRIDGEWAY ST,CASSIAR CONNECTR,dispersed_intersection_locations
VANCOUVER,HWY 1,UNKNOWN,2020.0,1.0,no,no,49.281228,-123.031485,yes,PROPERTY DAMAGE ONLY,HWY 1,UNKNOWN,unresolved_street_name
VANCOUVER,VICTORIA DR,UNKNOWN,2020.0,1.0,no,no,49.220784,-123.065869,yes,PROPERTY DAMAGE ONLY,UNKNOWN,VICTORIA DR,unresolved_street_name
VANCOUVER,BOUNDARY RD,UNKNOWN,2020.0,1.0,no,no,49.224638,-123.023484,yes,PROPERTY DAMAGE ONLY,BOUNDARY RD,UNKNOWN,unresolved_street_name
VANCOUVER,SE MARINE DR,UNKNOWN,2020.0,1.0,no,no,49.207883,-123.038868,yes,PROPERTY DAMAGE ONLY,SE MARINE DR,UNKNOWN,unresolved_street_name
VANCOUVER,MARINE WAY,UNKNOWN,2020.0,1.0,no,no,49.205426,-123.023441,yes,PROPERTY DAMAGE ONLY,MARINE WAY,UNKNOWN,unresolved_street_name
VANCOUVER,HWY 1,UNKNOWN,2020.0,1.0,no,no,49.281228,-123.031485,yes,PROPERTY DAMAGE ONLY,HWY 1,UNKNOWN,unresolved_street_name
VANCOUVER,CASSIAR CONNECTR,BRIDGEWAY,2020.0,1.0,no,no,49.287032,-123.031028,yes,PROPERTY DAMAGE ONLY,BRIDGEWAY,CASSIAR CONNECTR,dispersed_intersection_locations
VANCOUVER,GRANDVIEW HWY,UNKNOWN,2020.0,1.0,no,no,49.257957,-123.049102,yes,PROPERTY DAMAGE ONLY,GRANDVIEW HWY,UNKNOWN,unresolved_street_name
VANCOUVER,W 41ST AVE,UNKNOWN,2019.0,1.0,no,no,49.234777,-123.19622,yes,PROPERTY DAMAGE ONLY,UNKNOWN,W 41ST AVE,unresolved_street_name
VANCOUVER,UNKNOWN,SW MARINE DR,2019.0,1.0,no,no,49.227103,-123.170968,yes,PROPERTY DAMAGE ONLY,SW MARINE DR,UNKNOWN,unresolved_street_name
VANCOUVER,UNKNOWN,THURLOW ST,2019.0,1.0,no,no,49.277924,-123.134923,yes,PROPERTY DAMAGE ONLY,THURLOW ST,UNKNOWN,unresolved_street_name
VANCOUVER,HWY 1,UNKNOWN,2021.0,1.0,no,no,49.281088,-123.031476,yes,CASUALTY CRASH,HWY 1,UNKNOWN,unresolved_street_name
VANCOUVER,BEATTY ST,NELSON ST,2021.0,1.0,no,no,49.275686,-123.116851,yes,PROPERTY DAMAGE ONLY,BEATTY ST,NELSON ST,dispersed_intersection_locations
VANCOUVER,PACIFIC BLVD,CAMBIE ST,2021.0,1.0,no,no,49.274115,-123.115226,yes,PROPERTY DAMAGE ONLY,CAMBIE ST,PACIFIC BLVD,dispersed_intersection_locations
VANCOUVER,E 49TH AVE,UNKNOWN,2021.0,1.0,no,no,49.224486,-123.030847,yes,PROPERTY DAMAGE ONLY,E 49TH AVE,UNKNOWN,unresolved_street_name
VANCOUVER,PACIFIC BLVD,CAMBIE ST,2021.0,1.0,no,no,49.274115,-123.115226,yes,PROPERTY DAMAGE ONLY,CAMBIE ST,PACIFIC BLVD,dispersed_intersection_locations
VANCOUVER,NELSON ST,BEATTY ST,2021.0,1.0,no,no,49.275686,-123.116851,yes,PROPERTY DAMAGE ONLY,BEATTY ST,NELSON ST,dispersed_intersection_locations
VANCOUVER,NELSON ST,BEATTY ST,2021.0,1.0,no,no,49.275686,-123.116851,yes,PROPERTY DAMAGE ONLY,BEATTY ST,NELSON ST,dispersed_intersection_locations
VANCOUVER,E 1ST AVE,UNKNOWN,2021.0,1.0,no,no,49.269452,-123.027611,yes,PROPERTY DAMAGE ONLY,E 1ST AVE,UNKNOWN,unresolved_street_name
VANCOUVER,BOUNDARY RD,UNKNOWN,2021.0,1.0,no,no,49.224638,-123.023484,yes,PROPERTY DAMAGE ONLY,BOUNDARY RD,UNKNOWN,unresolved_street_name
VANCOUVER,CASSIAR CONNECTR,BRIDGEWAY ST,2021.0,1.0,no,no,49.287032,-123.031028,yes,PROPERTY DAMAGE ONLY,BRIDGEWAY ST,CASSIAR CONNECTR,dispersed_intersection_locations
VANCOUVER,UNKNOWN,W 49TH AVE,2021.0,1.0,no,no,49.226076,-123.116515,yes,PROPERTY DAMAGE ONLY,UNKNOWN,W 49TH AVE,unresolved_street_name
VANCOUVER,E 33RD AVE,UNKNOWN,2021.0,1.0,no,no,49.240531,-123.103418,yes,PROPERTY DAMAGE ONLY,E 33RD AVE,UNKNOWN,unresolved_street_name
VANCOUVER,PACIFIC BLVD,CAMBIE ST,2021.0,1.0,no,no,49.274115,-123.115226,yes,PROPERTY DAMAGE ONLY,CAMBIE ST,PACIFIC BLVD,dispersed_intersection_locations
VANCOUVER,PACIFIC BLVD,CAMBIE ST,2021.0,1.0,no,no,49.274115,-123.115226,yes,PROPERTY DAMAGE ONLY,CAMBIE ST,PACIFIC BLVD,dispersed_intersection_locations
VANCOUVER,KINGSWAY,UNKNOWN,2021.0,1.0,no,no,49.256449,-123.089297,yes,PROPERTY DAMAGE ONLY,KINGSWAY,UNKNOWN,unresolved_street_name
VANCOUVER,PACIFIC BLVD,CAMBIE ST,2021.0,1.0,no,no,49.274115,-123.115226,yes,PROPERTY DAMAGE ONLY,CAMBIE ST,PACIFIC BLVD,dispersed_intersection_locations
VANCOUVER,UNKNOWN,E PENDER ST,2019.0,1.0,no,no,49.280199,-123.031991,yes,PROPERTY DAMAGE ONLY,E PENDER ST,UNKNOWN,unresolved_street_name
VANCOUVER,E 49TH AVE,UNKNOWN,2020.0,1.0,no,no,49.224486,-123.030847,yes,PROPERTY DAMAGE ONLY,E 49TH AVE,UNKNOWN,unresolved_street_name
VANCOUVER,E 20TH AVE,UNKNOWN,2020.0,1.0,no,no,49.25259,-123.075374,yes,PROPERTY DAMAGE ONLY,E 20TH AVE,UNKNOWN,unresolved_street_name
VANCOUVER,VICTORIA DR,UNKNOWN,2021.0,1.0,no,no,49.220784,-123.065869,yes,PROPERTY DAMAGE ONLY,UNKNOWN,VICTORIA DR,unresolved_street_name
VANCOUVER,E GEORGIA ST,UNKNOWN,2022.0,1.0,no,no,49.27826,-123.032015,yes,PROPERTY DAMAGE ONLY,E GEORGIA ST,UNKNOWN,unresolved_street_name
VANCOUVER,E 1ST AVE,UNKNOWN,2018.0,1.0,no,no,49.269452,-123.027611,yes,PROPERTY DAMAGE ONLY,E 1ST AVE,UNKNOWN,unresolved_street_name
VANCOUVER,MARINE WAY,UNKNOWN,2018.0,1.0,no,no,49.205426,-123.023441,yes,PROPERTY DAMAGE ONLY,MARINE WAY,UNKNOWN,unresolved_street_name
VANCOUVER,E KENT AVE S,UNKNOWN,2018.0,1.0,no,no,49.205059,-123.031201,yes,PROPERTY DAMAGE ONLY,E KENT AVE S,UNKNOWN,unresolved_street_name
VANCOUVER,VICTORIA DR,UNKNOWN,2019.0,1.0,no,no,49.220784,-123.065869,yes,PROPERTY DAMAGE ONLY,UNKNOWN,VICTORIA DR,unresolved_street_name
VANCOUVER,E GEORGIA ST,UNKNOWN,2021.0,1.0,no,no,49.27826,-123.032015,yes,PROPERTY DAMAGE ONLY,E GEORGIA ST,UNKNOWN,unresolved_street_name
VANCOUVER,MCGILL ST,UNKNOWN,2022.0,1.0,no,no,49.288899,-123.040609,yes,PROPERTY DAMAGE ONLY,MCGILL ST,UNKNOWN,unresolved_street_name
VANCOUVER,BRIDGEWAY ST,CASSIAR CONNECTR,2021.0,1.0,no,no,49.287032,-123.031028,yes,PROPERTY DAMAGE ONLY,BRIDGEWAY ST,CASSIAR CONNECTR,dispersed_intersection_locations
VANCOUVER,PACIFIC BLVD,CAMBIE ST,2022.0,1.0,no,no,49.274115,-123.115226,yes,PROPERTY DAMAGE ONLY,CAMBIE ST,PACIFIC BLVD,dispersed_intersection_locations
VANCOUVER,E HASTINGS ST,UNKNOWN,2022.0,1.0,no,no,49.28117,-123.031463,yes,PROPERTY DAMAGE ONLY,E HASTINGS ST,UNKNOWN,unresolved_street_name
VANCOUVER,STANLEY PARK DR,N LAGOON DR,2021.0,1.0,yes,no,49.297163,-123.136888,yes,CASUALTY CRASH,N LAGOON DR,STANLEY PARK DR,dispersed_intersection_locations
VANCOUVER,BRIDGEWAY ST,CASSIAR CONNECTR,2020.0,1.0,no,yes,49.287032,-123.031028,yes,CASUALTY CRASH,BRIDGEWAY ST,CASSIAR CONNECTR,dispersed_intersection_locations
VANCOUVER,FRASER ST,UNKNOWN,2018.0,1.0,no,no,49.257257,-123.089271,yes,PROPERTY DAMAGE ONLY,FRASER ST,UNKNOWN,unresolved_street_name
VANCOUVER,CAMBIE ST,PACIFIC BLVD,2018.0,1.0,no,no,49.274554,-123.119271,yes,PROPERTY DAMAGE ONLY,CAMBIE ST,PACIFIC BLVD,dispersed_intersection_locations
VANCOUVER,BEATTY ST,NELSON ST,2018.0,1.0,no,no,49.275209,-123.114561,yes,PROPERTY DAMAGE ONLY,BEATTY ST,NELSON ST,dispersed_intersection_locations
VANCOUVER,BEATTY ST,NELSON ST,2018.0,1.0,no,no,49.275209,-123.114561,yes,PROPERTY DAMAGE ONLY,BEATTY ST,NELSON ST,dispersed_intersection_locations
VANCOUVER,CAMBIE ST,PACIFIC BLVD,2018.0,1.0,no,no,49.274554,-123.119271,yes,PROPERTY DAMAGE ONLY,CAMBIE ST,PACIFIC BLVD,dispersed_intersection_locations
VANCOUVER,CAMBIE ST,PACIFIC BLVD,2019.0,1.0,no,no,49.274554,-123.119271,yes,PROPERTY DAMAGE ONLY,CAMBIE ST,PACIFIC BLVD,dispersed_intersection_locations
VANCOUVER,ONTARIO ST,UNKNOWN,2019.0,1.0,no,no,49.238676,-123.105456,yes,PROPERTY DAMAGE ONLY,ONTARIO ST,UNKNOWN,unresolved_street_name
VANCOUVER,CAMBIE ST,UNKNOWN,2019.0,1.0,no,no,49.268134,-123.115019,yes,PROPERTY DAMAGE ONLY,CAMBIE ST,UNKNOWN,unresolved_street_name
VANCOUVER,BEATTY ST,NELSON ST,2019.0,1.0,no,no,49.275209,-123.114561,yes,PROPERTY DAMAGE ONLY,BEATTY ST,NELSON ST,dispersed_intersection_locations
VANCOUVER,CAMBIE ST,PACIFIC BLVD,2019.0,1.0,yes,no,49.274554,-123.119271,yes,PROPERTY DAMAGE ONLY,CAMBIE ST,PACIFIC BLVD,dispersed_intersection_locations
VANCOUVER,CAMBIE ST,PACIFIC BLVD,2021.0,1.0,yes,no,49.274115,-123.115226,yes,PROPERTY DAMAGE ONLY,CAMBIE ST,PACIFIC BLVD,dispersed_intersection_locations
VANCOUVER,NELSON ST,BEATTY ST,2018.0,1.0,no,no,49.275209,-123.114561,yes,CASUALTY CRASH,BEATTY ST,NELSON ST,dispersed_intersection_locations
VANCOUVER,NELSON ST,BEATTY ST,2018.0,1.0,no,no,49.275209,-123.114561,yes,PROPERTY DAMAGE ONLY,BEATTY ST,NELSON ST,dispersed_intersection_locations
VANCOUVER,CAMBIE ST,PACIFIC BLVD,2018.0,1.0,no,no,49.274554,-123.119271,yes,PROPERTY DAMAGE ONLY,CAMBIE ST,PACIFIC BLVD,dispersed_intersection_locations
VANCOUVER,PACIFIC BLVD,CAMBIE ST,2018.0,1.0,no,no,49.274554,-123.119271,yes,PROPERTY DAMAGE ONLY,CAMBIE ST,PACIFIC BLVD,dispersed_intersection_locations
VANCOUVER,ONTARIO ST,UNKNOWN,2019.0,1.0,no,no,49.238676,-123.105456,yes,PROPERTY DAMAGE ONLY,ONTARIO ST,UNKNOWN,unresolved_street_name
VANCOUVER,PACIFIC BLVD,CAMBIE ST,2019.0,1.0,no,no,49.274554,-123.119271,yes,PROPERTY DAMAGE ONLY,CAMBIE ST,PACIFIC BLVD,dispersed_intersection_locations
VANCOUVER,PACIFIC BLVD,CAMBIE ST,2020.0,1.0,no,no,49.274554,-123.119271,yes,PROPERTY DAMAGE ONLY,CAMBIE ST,PACIFIC BLVD,dispersed_intersection_locations
VANCOUVER,CAMBIE ST,PACIFIC BLVD,2020.0,1.0,no,no,49.274554,-123.119271,yes,PROPERTY DAMAGE ONLY,CAMBIE ST,PACIFIC BLVD,dispersed_intersection_locations
VANCOUVER,CAMBIE ST,PACIFIC BLVD,2020.0,1.0,no,no,49.274115,-123.115226,yes,PROPERTY DAMAGE ONLY,CAMBIE ST,PACIFIC BLVD,dispersed_intersection_locations
VANCOUVER,MAIN ST,UNKNOWN,2021.0,1.0,no,no,49.276783,-123.099854,yes,PROPERTY DAMAGE ONLY,MAIN ST,UNKNOWN,unresolved_street_name
VANCOUVER,W 37TH AVE,UNKNOWN,2018.0,1.0,no,no,49.23723,-123.109899,yes,PROPERTY DAMAGE ONLY,UNKNOWN,W 37TH AVE,unresolved_street_name
VANCOUVER,BEATTY ST,NELSON ST,2018.0,1.0,no,no,49.275209,-123.114561,yes,PROPERTY DAMAGE ONLY,BEATTY ST,NELSON ST,dispersed_intersection_locations
VANCOUVER,CAMBIE ST,UNKNOWN,2018.0,1.0,no,no,49.268134,-123.115019,yes,PROPERTY DAMAGE ONLY,CAMBIE ST,UNKNOWN,unresolved_street_name
VANCOUVER,NELSON ST,BEATTY ST,2018.0,1.0,no,no,49.275209,-123.114561,yes,PROPERTY DAMAGE ONLY,BEATTY ST,NELSON ST,dispersed_intersection_locations
VANCOUVER,KINGSWAY,UNKNOWN,2018.0,1.0,no,no,49.257559,-123.092578,yes,PROPERTY DAMAGE ONLY,KINGSWAY,UNKNOWN,unresolved_street_name
VANCOUVER,CAMBIE ST,UNKNOWN,2018.0,1.0,no,no,49.268134,-123.115019,yes,PROPERTY DAMAGE ONLY,CAMBIE ST,UNKNOWN,unresolved_street_name
VANCOUVER,KINGSWAY,UNKNOWN,2019.0,1.0,no,no,49.257559,-123.092578,yes,PROPERTY DAMAGE ONLY,KINGSWAY,UNKNOWN,unresolved_street_name
VANCOUVER,KINGSWAY,UNKNOWN,2019.0,1.0,no,no,49.257559,-123.092578,yes,PROPERTY DAMAGE ONLY,KINGSWAY,UNKNOWN,unresolved_street_name
VANCOUVER,KINGSWAY,UNKNOWN,2020.0,1.0,no,no,49.257559,-123.092578,yes,PROPERTY DAMAGE ONLY,KINGSWAY,UNKNOWN,unresolved_street_name
VANCOUVER,PACIFIC BLVD,CAMBIE ST,2020.0,1.0,no,no,49.274554,-123.119271,yes,PROPERTY DAMAGE ONLY,CAMBIE ST,PACIFIC BLVD,dispersed_intersection_locations
VANCOUVER,KINGSWAY,UNKNOWN,2020.0,1.0,no,no,49.257559,-123.092578,yes,PROPERTY DAMAGE ONLY,KINGSWAY,UNKNOWN,unresolved_street_name
VANCOUVER,KINGSWAY,UNKNOWN,2020.0,1.0,no,no,49.256449,-123.089297,yes,PROPERTY DAMAGE ONLY,KINGSWAY,UNKNOWN,unresolved_street_name
VANCOUVER,EXPO BLVD,UNKNOWN,2021.0,1.0,no,no,49.275209,-123.114561,yes,PROPERTY DAMAGE ONLY,EXPO BLVD,UNKNOWN,unresolved_street_name
VANCOUVER,FRASER ST,UNKNOWN,2022.0,1.0,no,no,49.257257,-123.089271,yes,PROPERTY DAMAGE ONLY,FRASER ST,UNKNOWN,unresolved_street_name
VANCOUVER,EXPO BLVD,UNKNOWN,2022.0,1.0,no,no,49.275318,-123.115382,yes,PROPERTY DAMAGE ONLY,EXPO BLVD,UNKNOWN,unresolved_street_name
VANCOUVER,PACIFIC BLVD,CAMBIE ST,2019.0,1.0,no,yes,49.274554,-123.119271,yes,CASUALTY CRASH,CAMBIE ST,PACIFIC BLVD,dispersed_intersection_locations
VANCOUVER,NELSON ST,BEATTY ST,2019.0,1.0,no,no,49.275209,-123.114561,yes,PROPERTY DAMAGE ONLY,BEATTY ST,NELSON ST,dispersed_intersection_locations
VANCOUVER,W 6TH AVE,UNKNOWN,2018.0,1.0,no,no,49.266629,-123.114844,yes,PROPERTY DAMAGE ONLY,UNKNOWN,W 6TH AVE,unresolved_street_name
VANCOUVER,MAIN ST,UNKNOWN,2019.0,1.0,no,no,49.276783,-123.099854,yes,PROPERTY DAMAGE ONLY,MAIN ST,UNKNOWN,unresolved_street_name
VANCOUVER,CAMBIE ST,UNKNOWN,2019.0,1.0,no,no,49.268134,-123.115019,yes,PROPERTY DAMAGE ONLY,CAMBIE ST,UNKNOWN,unresolved_street_name
VANCOUVER,UNKNOWN,VICTORIA DR,2020.0,1.0,no,no,49.220784,-123.065869,yes,PROPERTY DAMAGE ONLY,UNKNOWN,VICTORIA DR,unresolved_street_name
VANCOUVER,E HASTINGS ST,UNKNOWN,2020.0,1.0,no,no,49.28117,-123.031463,yes,PROPERTY DAMAGE ONLY,E HASTINGS ST,UNKNOWN,unresolved_street_name
VANCOUVER,HWY 1,UNKNOWN,2021.0,1.0,no,no,49.281088,-123.031476,yes,PROPERTY DAMAGE ONLY,HWY 1,UNKNOWN,unresolved_street_name
VANCOUVER,HWY 1,UNKNOWN,2021.0,1.0,no,no,49.281088,-123.031476,yes,PROPERTY DAMAGE ONLY,HWY 1,UNKNOWN,unresolved_street_name
VANCOUVER,CAMBIE ST,UNKNOWN,2022.0,1.0,no,no,49.245462,-123.115772,yes,PROPERTY DAMAGE ONLY,CAMBIE ST,UNKNOWN,unresolved_street_name
VANCOUVER,PACIFIC BLVD,CAMBIE ST,2022.0,1.0,no,no,49.274115,-123.115226,yes,PROPERTY DAMAGE ONLY,CAMBIE ST,PACIFIC BLVD,dispersed_intersection_locations
VANCOUVER,BEATTY ST,NELSON ST,2022.0,1.0,no,no,49.275686,-123.116851,yes,PROPERTY DAMAGE ONLY,BEATTY ST,NELSON ST,dispersed_intersection_locations
VANCOUVER,CAMBIE ST,UNKNOWN,2022.0,1.0,no,no,49.245163,-123.115602,yes,PROPERTY DAMAGE ONLY,CAMBIE ST,UNKNOWN,unresolved_street_name
VANCOUVER,BEATTY ST,NELSON ST,2022.0,1.0,no,no,49.275686,-123.116851,yes,PROPERTY DAMAGE ONLY,BEATTY ST,NELSON ST,dispersed_intersection_locations
VANCOUVER,CAMBIE ST,PACIFIC BLVD,2022.0,1.0,no,no,49.274115,-123.115226,yes,PROPERTY DAMAGE ONLY,CAMBIE ST,PACIFIC BLVD,dispersed_intersection_locations
VANCOUVER,MAIN ST,UNKNOWN,2022.0,1.0,no,no,49.276783,-123.099854,yes,PROPERTY DAMAGE ONLY,MAIN ST,UNKNOWN,unresolved_street_name
VANCOUVER,BEATTY ST,NELSON ST,2022.0,1.0,no,no,49.275686,-123.116851,yes,PROPERTY DAMAGE ONLY,BEATTY ST,NELSON ST,dispersed_intersection_locations
VANCOUVER,KINGSWAY,UNKNOWN,2018.0,1.0,no,no,49.257559,-123.092578,yes,PROPERTY DAMAGE ONLY,KINGSWAY,UNKNOWN,unresolved_street_name
VANCOUVER,PACIFIC BLVD,CAMBIE ST,2021.0,1.0,no,no,49.274115,-123.115226,yes,PROPERTY DAMAGE ONLY,CAMBIE ST,PACIFIC BLVD,dispersed_intersection_locations
VANCOUVER,CAMBIE ST,UNKNOWN,2022.0,1.0,no,no,49.245462,-123.115772,yes,PROPERTY DAMAGE ONLY,CAMBIE ST,UNKNOWN,unresolved_street_name
VANCOUVER,PACIFIC BLVD,CAMBIE ST,2022.0,1.0,no,no,49.274115,-123.115226,yes,PROPERTY DAMAGE ONLY,CAMBIE ST,PACIFIC BLVD,dispersed_intersection_locations
VANCOUVER,KINGSWAY,UNKNOWN,2022.0,1.0,no,no,49.256449,-123.089297,yes,PROPERTY DAMAGE ONLY,KINGSWAY,UNKNOWN,unresolved_street_name
VANCOUVER,PACIFIC BLVD,CAMBIE ST,2019.0,1.0,no,yes,49.274554,-123.119271,yes,CASUALTY CRASH,CAMBIE ST,PACIFIC BLVD,dispersed_intersection_locations
VANCOUVER,BEATTY ST,NELSON ST,2020.0,1.0,no,yes,49.275686,-123.116851,yes,CASUALTY CRASH,BEATTY ST,NELSON ST,dispersed_intersection_locations
VANCOUVER,BEATTY ST,NELSON ST,2022.0,1.0,no,yes,49.275686,-123.116851,yes,CASUALTY CRASH,BEATTY ST,NELSON ST,dispersed_intersection_locations
VANCOUVER,NELSON ST,BEATTY ST,2020.0,1.0,no,yes,49.275686,-123.116851,yes,PROPERTY DAMAGE ONLY,BEATTY ST,NELSON ST,dispersed_intersection_locations
VANCOUVER,KINGSWAY,UNKNOWN,2019.0,1.0,no,yes,49.257559,-123.092578,yes,PROPERTY DAMAGE ONLY,KINGSWAY,UNKNOWN,unresolved_street_name
VANCOUVER,PACIFIC BLVD,CAMBIE ST,2022.0,1.0,no,yes,49.274115,-123.115226,yes,PROPERTY DAMAGE ONLY,CAMBIE ST,PACIFIC BLVD,dispersed_intersection_locations
VANCOUVER,PACIFIC BLVD,CAMBIE ST,2019.0,1.0,no,no,49.274554,-123.119271,yes,CASUALTY CRASH,CAMBIE ST,PACIFIC BLVD,dispersed_intersection_locations
VANCOUVER,KINGSWAY,UNKNOWN,2019.0,1.0,no,no,49.257559,-123.092578,yes,PROPERTY DAMAGE ONLY,KINGSWAY,UNKNOWN,unresolved_street_name
VANCOUVER,NELSON ST,BEATTY ST,2021.0,1.0,no,no,49.275686,-123.116851,yes,PROPERTY DAMAGE ONLY,BEATTY ST,NELSON ST,dispersed_intersection_locations
VANCOUVER,SE MARINE DR,UNKNOWN,2022.0,1.0,no,no,49.207883,-123.038868,yes,PROPERTY DAMAGE ONLY,SE MARINE DR,UNKNOWN,unresolved_street_name
VANCOUVER,CAMBIE ST,PACIFIC BLVD,2022.0,1.0,no,no,49.274115,-123.115226,yes,PROPERTY DAMAGE ONLY,CAMBIE ST,PACIFIC BLVD,dispersed_intersection_locations
VANCOUVER,PACIFIC BLVD,CAMBIE ST,2022.0,1.0,no,no,49.274115,-123.115226,yes,PROPERTY DAMAGE ONLY,CAMBIE ST,PACIFIC BLVD,dispersed_intersection_locations
VANCOUVER,PRIOR ST,UNKNOWN,2022.0,1.0,no,no,49.276783,-123.099854,yes,PROPERTY DAMAGE ONLY,PRIOR ST,UNKNOWN,unresolved_street_name
VANCOUVER,MAIN ST,UNKNOWN,2022.0,1.0,no,no,49.276783,-123.099854,yes,PROPERTY DAMAGE ONLY,MAIN ST,UNKNOWN,unresolved_street_name
VANCOUVER,PACIFIC BLVD,CAMBIE ST,2022.0,1.0,no,no,49.274115,-123.115226,yes,PROPERTY DAMAGE ONLY,CAMBIE ST,PACIFIC BLVD,dispersed_intersection_locations
VANCOUVER,FRASER ST,UNKNOWN,2022.0,1.0,no,no,49.257257,-123.089271,yes,PROPERTY DAMAGE ONLY,FRASER ST,UNKNOWN,unresolved_street_name
VANCOUVER,KINGSWAY,UNKNOWN,2020.0,1.0,no,no,49.256449,-123.089297,yes,PROPERTY DAMAGE ONLY,KINGSWAY,UNKNOWN,unresolved_street_name
VANCOUVER,BEATTY ST,NELSON ST,2020.0,1.0,no,no,49.275686,-123.116851,yes,PROPERTY DAMAGE ONLY,BEATTY ST,NELSON ST,dispersed_intersection_locations
VANCOUVER,W 33RD AVE,UNKNOWN,2021.0,1.0,no,no,49.241037,-123.116336,yes,PROPERTY DAMAGE ONLY,UNKNOWN,W 33RD AVE,unresolved_street_name
VANCOUVER,PACIFIC BLVD,CAMBIE ST,2021.0,1.0,no,no,49.274115,-123.115226,yes,PROPERTY DAMAGE ONLY,CAMBIE ST,PACIFIC BLVD,dispersed_intersection_locations
VANCOUVER,PACIFIC BLVD,CAMBIE ST,2022.0,1.0,no,no,49.274115,-123.115226,yes,PROPERTY DAMAGE ONLY,CAMBIE ST,PACIFIC BLVD,dispersed_intersection_locations
VANCOUVER,CAMBIE ST,UNKNOWN,2022.0,1.0,no,no,49.245462,-123.115772,yes,PROPERTY DAMAGE ONLY,CAMBIE ST,UNKNOWN,unresolved_street_name
VANCOUVER,UNKNOWN,ONTARIO ST,2022.0,1.0,no,no,49.238676,-123.105456,yes,PROPERTY DAMAGE ONLY,ONTARIO ST,UNKNOWN,unresolved_street_name
VANCOUVER,ONTARIO ST,UNKNOWN,2019.0,1.0,no,no,49.238676,-123.105456,yes,PROPERTY DAMAGE ONLY,ONTARIO ST,UNKNOWN,unresolved_street_name
VANCOUVER,CAMBIE ST,UNKNOWN,2020.0,1.0,no,no,49.268134,-123.115019,yes,PROPERTY DAMAGE ONLY,CAMBIE ST,UNKNOWN,unresolved_street_name
VANCOUVER,ONTARIO ST,UNKNOWN,2020.0,1.0,no,no,49.238676,-123.105456,yes,PROPERTY DAMAGE ONLY,ONTARIO ST,UNKNOWN,unresolved_street_name
VANCOUVER,CAMBIE ST,PACIFIC BLVD,2020.0,1.0,no,no,49.274554,-123.119271,yes,PROPERTY DAMAGE ONLY,CAMBIE ST,PACIFIC BLVD,dispersed_intersection_locations
VANCOUVER,MAIN ST,UNKNOWN,2022.0,1.0,no,no,49.276783,-123.099854,yes,PROPERTY DAMAGE ONLY,MAIN ST,UNKNOWN,unresolved_street_name
